CustomerID,Recency,Frequency,Monetary,Cluster
12346.0,325,1,0.0,0
12747.0,1,11,0.0,1
12748.0,0,210,0.0,2
12749.0,3,5,0.0,1
12820.0,2,4,0.0,1
12821.0,213,1,0.0,0
12822.0,70,2,0.0,1
12823.0,74,5,0.0,1
12824.0,59,1,0.0,1
12826.0,2,7,0.0,1
12827.0,5,3,0.0,1
12828.0,2,6,0.0,1
12829.0,336,2,0.0,0
12830.0,37,6,0.0,1
12831.0,261,1,0.0,0
12832.0,31,2,0.0,1
12833.0,144,1,0.0,0
12834.0,282,1,0.0,0
12836.0,58,4,0.0,1
12837.0,172,1,0.0,0
12838.0,33,2,0.0,1
12839.0,2,14,0.0,3
12840.0,143,4,0.0,1
12841.0,4,25,0.0,3
12842.0,69,2,0.0,1
12843.0,65,8,0.0,1
12844.0,28,2,0.0,1
12845.0,266,4,0.0,0
12847.0,21,1,0.0,1
12849.0,30,2,0.0,1
12851.0,96,1,0.0,1
12852.0,294,1,0.0,0
12853.0,134,6,0.0,1
12854.0,78,3,0.0,1
12855.0,372,1,0.0,0
12856.0,7,6,0.0,1
12857.0,210,2,0.0,0
12863.0,51,1,0.0,1
12864.0,137,1,0.0,1
12867.0,25,7,0.0,1
12868.0,185,6,0.0,0
12871.0,83,2,0.0,1
12872.0,326,2,0.0,0
12873.0,281,1,0.0,0
12875.0,142,2,0.0,1
12877.0,3,12,0.0,1
12878.0,235,2,0.0,0
12879.0,44,3,0.0,1
12881.0,275,1,0.0,0
12882.0,8,2,0.0,1
12883.0,24,4,0.0,1
12884.0,87,1,0.0,1
12885.0,62,3,0.0,1
12886.0,67,2,0.0,1
12888.0,213,2,0.0,0
12890.0,23,1,0.0,1
12891.0,185,3,0.0,0
12893.0,30,1,0.0,1
12895.0,41,2,0.0,1
12897.0,204,2,0.0,0
12901.0,8,28,0.0,3
12902.0,264,1,0.0,0
12904.0,17,2,0.0,1
12906.0,11,5,0.0,1
12908.0,175,2,0.0,0
12909.0,39,5,0.0,1
12910.0,22,8,0.0,1
12912.0,2,5,0.0,1
12913.0,4,5,0.0,1
12915.0,148,2,0.0,0
12916.0,138,4,0.0,1
12917.0,127,1,0.0,1
12919.0,7,6,0.0,1
12920.0,16,1,0.0,1
12921.0,8,37,0.0,3
12922.0,160,1,0.0,0
12923.0,63,1,0.0,1
12924.0,87,4,0.0,1
12925.0,4,2,0.0,1
12928.0,34,5,0.0,1
12929.0,311,1,0.0,0
12930.0,77,2,0.0,1
12931.0,21,15,0.0,3
12933.0,23,3,0.0,1
12935.0,1,7,0.0,1
12936.0,16,4,0.0,1
12937.0,14,4,0.0,1
12938.0,25,1,0.0,1
12939.0,63,8,0.0,1
12940.0,54,2,0.0,1
12942.0,130,3,0.0,1
12944.0,35,2,0.0,1
12945.0,287,1,0.0,0
12947.0,143,6,0.0,1
12948.0,15,7,0.0,1
12949.0,30,8,0.0,1
12950.0,1,3,0.0,1
12951.0,8,6,0.0,1
12952.0,5,4,0.0,1
12953.0,9,1,0.0,1
12955.0,0,11,0.0,1
12956.0,305,1,0.0,0
12957.0,9,8,0.0,1
12962.0,6,2,0.0,1
12963.0,7,8,0.0,1
12965.0,88,1,0.0,1
12966.0,9,1,0.0,1
12967.0,357,2,0.0,0
12968.0,111,1,0.0,1
12970.0,6,4,0.0,1
12971.0,3,86,0.0,2
12974.0,197,1,0.0,0
12976.0,211,1,0.0,0
12977.0,155,1,0.0,0
12980.0,157,9,0.0,0
12981.0,29,2,0.0,1
12982.0,242,1,0.0,0
12984.0,18,1,0.0,1
12985.0,0,2,0.0,1
12987.0,73,2,0.0,1
12988.0,291,1,0.0,0
12989.0,2,15,0.0,3
12990.0,30,3,0.0,1
12991.0,22,2,0.0,1
12993.0,22,4,0.0,1
12994.0,3,3,0.0,1
12995.0,84,1,0.0,1
12997.0,21,4,0.0,1
12999.0,195,3,0.0,0
13000.0,106,3,0.0,1
13001.0,3,13,0.0,3
13002.0,317,1,0.0,0
13003.0,105,3,0.0,1
13004.0,11,18,0.0,3
13005.0,173,2,0.0,0
13006.0,55,1,0.0,1
13008.0,322,1,0.0,0
13011.0,371,1,0.0,0
13012.0,8,8,0.0,1
13013.0,0,13,0.0,3
13014.0,10,10,0.0,1
13015.0,52,5,0.0,1
13016.0,72,3,0.0,1
13017.0,6,1,0.0,1
13018.0,15,28,0.0,3
13021.0,3,9,0.0,1
13023.0,63,2,0.0,1
13026.0,0,5,0.0,1
13027.0,113,6,0.0,1
13028.0,22,2,0.0,1
13029.0,30,3,0.0,1
13030.0,10,2,0.0,1
13032.0,51,2,0.0,1
13033.0,356,1,0.0,0
13034.0,54,2,0.0,1
13035.0,73,2,0.0,1
13037.0,137,3,0.0,1
13038.0,79,3,0.0,1
13040.0,8,2,0.0,1
13043.0,272,1,0.0,0
13044.0,290,1,0.0,0
13045.0,98,1,0.0,1
13046.0,30,2,0.0,1
13047.0,31,10,0.0,1
13048.0,13,4,0.0,1
13049.0,63,2,0.0,1
13050.0,14,17,0.0,3
13052.0,211,1,0.0,0
13055.0,77,3,0.0,1
13058.0,24,3,0.0,1
13059.0,249,1,0.0,0
13060.0,253,1,0.0,0
13061.0,71,1,0.0,1
13062.0,190,1,0.0,0
13064.0,12,4,0.0,1
13065.0,372,1,0.0,0
13066.0,23,2,0.0,1
13067.0,81,1,0.0,1
13068.0,9,2,0.0,1
13069.0,0,24,0.0,3
13070.0,191,1,0.0,0
13072.0,266,1,0.0,0
13075.0,129,1,0.0,1
13077.0,0,4,0.0,1
13078.0,2,26,0.0,3
13079.0,3,5,0.0,1
13080.0,178,1,0.0,0
13081.0,11,11,0.0,1
13082.0,125,9,0.0,1
13083.0,3,2,0.0,1
13085.0,157,2,0.0,0
13089.0,2,97,0.0,2
13090.0,8,14,0.0,3
13091.0,27,1,0.0,1
13092.0,70,5,0.0,1
13093.0,275,8,0.0,0
13094.0,20,12,0.0,1
13095.0,70,1,0.0,1
13097.0,32,10,0.0,1
13098.0,0,28,0.0,3
13099.0,98,1,0.0,1
13101.0,233,1,0.0,0
13102.0,0,24,0.0,3
13103.0,39,1,0.0,1
13104.0,2,6,0.0,1
13106.0,132,1,0.0,1
13107.0,43,4,0.0,1
13108.0,372,1,0.0,0
13109.0,59,2,0.0,1
13110.0,30,7,0.0,1
13113.0,0,24,0.0,3
13115.0,11,4,0.0,1
13116.0,137,1,0.0,1
13117.0,21,8,0.0,1
13118.0,19,5,0.0,1
13120.0,238,1,0.0,0
13121.0,268,1,0.0,0
13122.0,93,2,0.0,1
13124.0,89,3,0.0,1
13126.0,4,8,0.0,1
13127.0,77,1,0.0,1
13130.0,93,1,0.0,1
13131.0,22,3,0.0,1
13132.0,261,1,0.0,0
13133.0,273,2,0.0,0
13134.0,85,4,0.0,1
13135.0,196,1,0.0,0
13136.0,55,5,0.0,1
13137.0,10,8,0.0,1
13138.0,21,6,0.0,1
13139.0,15,7,0.0,1
13140.0,107,3,0.0,1
13141.0,84,5,0.0,1
13142.0,18,1,0.0,1
13144.0,332,1,0.0,0
13145.0,39,4,0.0,1
13146.0,25,1,0.0,1
13147.0,9,4,0.0,1
13148.0,28,12,0.0,1
13149.0,13,4,0.0,1
13151.0,295,1,0.0,0
13153.0,5,1,0.0,1
13155.0,32,4,0.0,1
13157.0,48,4,0.0,1
13158.0,94,4,0.0,1
13159.0,8,4,0.0,1
13160.0,21,1,0.0,1
13161.0,312,1,0.0,0
13162.0,121,4,0.0,1
13165.0,45,2,0.0,1
13166.0,282,1,0.0,0
13167.0,18,4,0.0,1
13168.0,35,4,0.0,1
13169.0,63,2,0.0,1
13170.0,26,1,0.0,1
13171.0,21,3,0.0,1
13173.0,3,2,0.0,1
13174.0,15,3,0.0,1
13176.0,45,1,0.0,1
13177.0,64,1,0.0,1
13178.0,25,11,0.0,1
13182.0,44,1,0.0,1
13183.0,7,9,0.0,1
13184.0,14,10,0.0,1
13185.0,267,1,0.0,0
13186.0,39,3,0.0,1
13187.0,336,1,0.0,0
13188.0,10,1,0.0,1
13189.0,18,2,0.0,1
13192.0,94,2,0.0,1
13193.0,60,1,0.0,1
13194.0,135,1,0.0,1
13196.0,10,4,0.0,1
13198.0,9,6,0.0,1
13199.0,3,38,0.0,3
13200.0,18,4,0.0,1
13203.0,9,4,0.0,1
13207.0,14,2,0.0,1
13208.0,58,6,0.0,1
13209.0,29,8,0.0,1
13210.0,93,1,0.0,1
13211.0,9,3,0.0,1
13212.0,19,3,0.0,1
13213.0,56,5,0.0,1
13216.0,267,1,0.0,0
13217.0,121,3,0.0,1
13218.0,126,1,0.0,1
13220.0,77,4,0.0,1
13221.0,239,2,0.0,0
13223.0,199,2,0.0,0
13224.0,59,2,0.0,1
13225.0,2,7,0.0,1
13226.0,272,1,0.0,0
13227.0,201,1,0.0,0
13228.0,80,1,0.0,1
13229.0,225,1,0.0,0
13230.0,3,14,0.0,3
13232.0,12,7,0.0,1
13233.0,73,2,0.0,1
13235.0,211,1,0.0,0
13236.0,23,2,0.0,1
13238.0,16,4,0.0,1
13239.0,261,1,0.0,0
13240.0,95,4,0.0,1
13242.0,111,3,0.0,1
13243.0,202,1,0.0,0
13244.0,92,1,0.0,1
13245.0,50,1,0.0,1
13246.0,17,6,0.0,1
13247.0,17,4,0.0,1
13248.0,124,2,0.0,1
13249.0,91,3,0.0,1
13253.0,156,2,0.0,0
13255.0,8,2,0.0,1
13256.0,13,1,0.0,1
13258.0,11,3,0.0,1
13259.0,61,1,0.0,1
13260.0,60,1,0.0,1
13261.0,268,2,0.0,0
13262.0,262,1,0.0,0
13263.0,0,35,0.0,3
13265.0,52,5,0.0,1
13266.0,10,12,0.0,1
13267.0,2,19,0.0,3
13268.0,17,11,0.0,1
13269.0,0,15,0.0,3
13270.0,365,1,0.0,0
13271.0,36,1,0.0,1
13272.0,30,2,0.0,1
13273.0,112,1,0.0,1
13276.0,63,2,0.0,1
13277.0,15,4,0.0,1
13278.0,40,1,0.0,1
13279.0,77,1,0.0,1
13280.0,121,3,0.0,1
13282.0,17,3,0.0,1
13283.0,59,2,0.0,1
13284.0,330,1,0.0,0
13285.0,22,4,0.0,1
13291.0,155,1,0.0,0
13292.0,38,2,0.0,1
13294.0,189,2,0.0,0
13295.0,359,1,0.0,0
13296.0,136,1,0.0,1
13297.0,7,4,0.0,1
13298.0,0,1,0.0,1
13299.0,267,1,0.0,0
13300.0,168,1,0.0,0
13301.0,103,4,0.0,1
13302.0,154,1,0.0,0
13304.0,350,1,0.0,0
13305.0,3,10,0.0,1
13307.0,119,1,0.0,1
13308.0,22,3,0.0,1
13309.0,6,5,0.0,1
13310.0,27,3,0.0,1
13311.0,3,2,0.0,1
13313.0,21,5,0.0,1
13314.0,1,3,0.0,1
13316.0,36,4,0.0,1
13317.0,65,6,0.0,1
13318.0,0,3,0.0,1
13319.0,4,26,0.0,3
13320.0,77,4,0.0,1
13321.0,71,2,0.0,1
13322.0,16,1,0.0,1
13323.0,2,5,0.0,1
13324.0,35,10,0.0,1
13325.0,81,1,0.0,1
13327.0,38,8,0.0,1
13328.0,315,1,0.0,0
13329.0,31,2,0.0,1
13330.0,92,3,0.0,1
13332.0,13,1,0.0,1
13334.0,81,3,0.0,1
13336.0,76,1,0.0,1
13338.0,157,1,0.0,0
13339.0,200,1,0.0,0
13340.0,44,7,0.0,1
13341.0,260,1,0.0,0
13343.0,177,1,0.0,0
13344.0,67,3,0.0,1
13345.0,287,1,0.0,0
13347.0,69,1,0.0,1
13348.0,63,1,0.0,1
13349.0,10,1,0.0,1
13350.0,15,2,0.0,1
13351.0,65,1,0.0,1
13352.0,59,1,0.0,1
13354.0,70,1,0.0,1
13355.0,121,1,0.0,1
13356.0,79,1,0.0,1
13357.0,256,1,0.0,0
13358.0,268,1,0.0,0
13359.0,63,1,0.0,1
13362.0,8,4,0.0,1
13363.0,17,2,0.0,1
13364.0,70,1,0.0,1
13365.0,33,2,0.0,1
13366.0,49,1,0.0,1
13368.0,256,2,0.0,0
13369.0,365,1,0.0,0
13370.0,371,1,0.0,0
13372.0,89,1,0.0,1
13373.0,60,3,0.0,1
13375.0,88,1,0.0,1
13376.0,98,3,0.0,1
13379.0,25,3,0.0,1
13381.0,31,6,0.0,1
13382.0,280,1,0.0,0
13384.0,30,7,0.0,1
13385.0,329,1,0.0,0
13388.0,130,2,0.0,1
13389.0,10,3,0.0,1
13390.0,74,1,0.0,1
13391.0,203,1,0.0,0
13394.0,1,8,0.0,1
13395.0,184,1,0.0,0
13396.0,28,2,0.0,1
13397.0,72,5,0.0,1
13398.0,191,1,0.0,0
13402.0,126,2,0.0,1
13403.0,17,1,0.0,1
13404.0,0,2,0.0,1
13405.0,73,3,0.0,1
13408.0,1,62,0.0,3
13410.0,23,5,0.0,1
13411.0,106,1,0.0,1
13414.0,133,3,0.0,1
13416.0,43,2,0.0,1
13417.0,4,2,0.0,1
13418.0,11,18,0.0,3
13419.0,63,1,0.0,1
13420.0,149,2,0.0,0
13421.0,39,2,0.0,1
13422.0,63,1,0.0,1
13425.0,107,3,0.0,1
13426.0,0,10,0.0,1
13427.0,18,3,0.0,1
13428.0,9,1,0.0,1
13429.0,10,4,0.0,1
13430.0,18,2,0.0,1
13431.0,66,2,0.0,1
13434.0,73,2,0.0,1
13435.0,4,7,0.0,1
13436.0,1,1,0.0,1
13437.0,13,7,0.0,1
13439.0,254,1,0.0,0
13441.0,91,1,0.0,1
13447.0,22,3,0.0,1
13448.0,16,6,0.0,1
13449.0,23,1,0.0,1
13450.0,26,6,0.0,1
13451.0,25,5,0.0,1
13452.0,258,2,0.0,0
13453.0,165,2,0.0,0
13455.0,24,2,0.0,1
13456.0,17,6,0.0,1
13458.0,6,14,0.0,3
13460.0,28,2,0.0,1
13461.0,38,3,0.0,1
13462.0,252,1,0.0,0
13464.0,57,1,0.0,1
13466.0,183,1,0.0,0
13467.0,10,2,0.0,1
13468.0,1,37,0.0,3
13470.0,98,2,0.0,1
13471.0,0,4,0.0,1
13473.0,60,2,0.0,1
13474.0,235,1,0.0,0
13475.0,190,4,0.0,0
13476.0,178,2,0.0,0
13477.0,37,6,0.0,1
13479.0,200,2,0.0,0
13481.0,45,5,0.0,1
13482.0,231,1,0.0,0
13483.0,65,1,0.0,1
13484.0,240,1,0.0,0
13485.0,232,1,0.0,0
13486.0,77,3,0.0,1
13487.0,57,3,0.0,1
13488.0,16,13,0.0,3
13489.0,104,4,0.0,1
13491.0,51,10,0.0,1
13494.0,311,1,0.0,0
13495.0,7,5,0.0,1
13496.0,10,2,0.0,1
13497.0,282,2,0.0,0
13499.0,17,5,0.0,1
13500.0,22,3,0.0,1
13502.0,16,3,0.0,1
13503.0,70,1,0.0,1
13504.0,63,1,0.0,1
13506.0,315,2,0.0,0
13507.0,2,4,0.0,1
13508.0,243,1,0.0,0
13509.0,8,7,0.0,1
13510.0,0,4,0.0,1
13512.0,260,1,0.0,0
13513.0,126,1,0.0,1
13514.0,73,1,0.0,1
13515.0,72,4,0.0,1
13516.0,20,3,0.0,1
13517.0,59,3,0.0,1
13518.0,85,1,0.0,1
13519.0,77,1,0.0,1
13521.0,0,3,0.0,1
13522.0,29,1,0.0,1
13523.0,32,5,0.0,1
13524.0,40,5,0.0,1
13525.0,14,2,0.0,1
13527.0,33,7,0.0,1
13529.0,78,2,0.0,1
13531.0,204,2,0.0,0
13532.0,33,1,0.0,1
13533.0,182,3,0.0,0
13534.0,1,25,0.0,3
13536.0,0,7,0.0,1
13538.0,42,7,0.0,1
13539.0,85,3,0.0,1
13544.0,39,2,0.0,1
13546.0,11,3,0.0,1
13548.0,95,2,0.0,1
13549.0,25,7,0.0,1
13551.0,318,1,0.0,0
13552.0,65,12,0.0,1
13555.0,73,4,0.0,1
13557.0,27,2,0.0,1
13558.0,5,4,0.0,1
13560.0,6,1,0.0,1
13561.0,215,1,0.0,0
13562.0,81,3,0.0,1
13563.0,83,2,0.0,1
13564.0,143,3,0.0,1
13565.0,18,2,0.0,1
13566.0,40,2,0.0,1
13568.0,172,1,0.0,0
13569.0,16,2,0.0,1
13570.0,242,1,0.0,0
13571.0,12,12,0.0,1
13572.0,205,1,0.0,0
13573.0,49,2,0.0,1
13575.0,22,5,0.0,1
13576.0,9,18,0.0,3
13577.0,24,4,0.0,1
13579.0,14,2,0.0,1
13581.0,308,1,0.0,0
13583.0,155,1,0.0,0
13584.0,306,1,0.0,0
13587.0,63,1,0.0,1
13588.0,15,9,0.0,1
13589.0,14,2,0.0,1
13590.0,10,6,0.0,1
13591.0,64,3,0.0,1
13592.0,35,4,0.0,1
13593.0,107,5,0.0,1
13594.0,52,1,0.0,1
13596.0,5,2,0.0,1
13598.0,46,1,0.0,1
13599.0,0,21,0.0,3
13600.0,311,1,0.0,0
13601.0,44,2,0.0,1
13602.0,64,1,0.0,1
13603.0,25,1,0.0,1
13606.0,28,3,0.0,1
13607.0,39,1,0.0,1
13610.0,11,7,0.0,1
13611.0,88,3,0.0,1
13614.0,23,4,0.0,1
13615.0,318,1,0.0,0
13617.0,39,3,0.0,1
13618.0,173,1,0.0,0
13621.0,116,1,0.0,1
13623.0,30,5,0.0,1
13626.0,252,1,0.0,0
13627.0,58,5,0.0,1
13629.0,22,11,0.0,1
13630.0,4,7,0.0,1
13631.0,99,11,0.0,1
13632.0,24,5,0.0,1
13634.0,32,5,0.0,1
13635.0,67,1,0.0,1
13636.0,36,5,0.0,1
13637.0,51,3,0.0,1
13638.0,15,1,0.0,1
13639.0,73,1,0.0,1
13642.0,215,1,0.0,0
13643.0,30,3,0.0,1
13644.0,15,4,0.0,1
13645.0,119,1,0.0,1
13647.0,9,4,0.0,1
13649.0,256,2,0.0,0
13650.0,16,6,0.0,1
13651.0,34,2,0.0,1
13652.0,45,3,0.0,1
13654.0,42,6,0.0,1
13655.0,113,2,0.0,1
13656.0,164,2,0.0,0
13657.0,10,2,0.0,1
13658.0,9,5,0.0,1
13659.0,205,2,0.0,0
13662.0,85,3,0.0,1
13663.0,178,1,0.0,0
13666.0,59,3,0.0,1
13667.0,148,1,0.0,0
13668.0,2,21,0.0,3
13669.0,50,2,0.0,1
13670.0,74,1,0.0,1
13672.0,300,2,0.0,0
13673.0,18,2,0.0,1
13675.0,150,2,0.0,0
13678.0,151,1,0.0,0
13680.0,0,4,0.0,1
13681.0,17,4,0.0,1
13682.0,186,1,0.0,0
13684.0,285,1,0.0,0
13685.0,2,7,0.0,1
13686.0,182,1,0.0,0
13689.0,62,1,0.0,1
13690.0,58,1,0.0,1
13692.0,24,3,0.0,1
13694.0,3,50,0.0,3
13695.0,30,15,0.0,3
13697.0,38,1,0.0,1
13699.0,154,1,0.0,0
13700.0,25,10,0.0,1
13703.0,317,1,0.0,0
13704.0,4,9,0.0,1
13705.0,7,3,0.0,1
13706.0,302,1,0.0,0
13707.0,266,2,0.0,0
13708.0,270,1,0.0,0
13709.0,3,13,0.0,3
13710.0,31,1,0.0,1
13711.0,218,2,0.0,0
13712.0,246,1,0.0,0
13715.0,280,5,0.0,0
13716.0,268,1,0.0,0
13717.0,31,6,0.0,1
13718.0,245,2,0.0,0
13719.0,14,5,0.0,1
13720.0,116,4,0.0,1
13721.0,35,1,0.0,1
13722.0,131,3,0.0,1
13723.0,216,1,0.0,0
13725.0,49,8,0.0,1
13726.0,38,2,0.0,1
13727.0,28,2,0.0,1
13728.0,36,6,0.0,1
13730.0,135,2,0.0,1
13731.0,218,2,0.0,0
13732.0,27,1,0.0,1
13735.0,24,4,0.0,1
13736.0,4,2,0.0,1
13737.0,199,1,0.0,0
13739.0,17,1,0.0,1
13740.0,240,1,0.0,0
13741.0,71,3,0.0,1
13742.0,16,12,0.0,1
13743.0,2,7,0.0,1
13744.0,94,2,0.0,1
13745.0,161,1,0.0,0
13747.0,373,1,0.0,0
13748.0,95,5,0.0,1
13750.0,53,5,0.0,1
13751.0,287,1,0.0,0
13752.0,123,6,0.0,1
13753.0,287,1,0.0,0
13754.0,151,2,0.0,0
13755.0,3,9,0.0,1
13756.0,1,14,0.0,3
13758.0,11,7,0.0,1
13759.0,32,2,0.0,1
13760.0,53,2,0.0,1
13761.0,49,2,0.0,1
13762.0,218,1,0.0,0
13763.0,62,1,0.0,1
13764.0,70,3,0.0,1
13767.0,1,37,0.0,3
13769.0,1,10,0.0,1
13771.0,63,4,0.0,1
13772.0,33,3,0.0,1
13774.0,81,1,0.0,1
13777.0,0,33,0.0,3
13778.0,102,1,0.0,1
13780.0,6,2,0.0,1
13781.0,250,1,0.0,0
13782.0,12,6,0.0,1
13784.0,9,11,0.0,1
13786.0,366,1,0.0,0
13787.0,75,2,0.0,1
13790.0,3,1,0.0,1
13791.0,127,2,0.0,1
13792.0,65,2,0.0,1
13798.0,0,57,0.0,3
13799.0,116,2,0.0,1
13800.0,309,1,0.0,0
13801.0,66,1,0.0,1
13802.0,138,3,0.0,1
13803.0,254,1,0.0,0
13804.0,30,7,0.0,1
13805.0,51,2,0.0,1
13806.0,63,1,0.0,1
13807.0,366,1,0.0,0
13808.0,5,5,0.0,1
13819.0,301,3,0.0,0
13821.0,144,2,0.0,0
13822.0,5,2,0.0,1
13823.0,18,2,0.0,1
13824.0,32,5,0.0,1
13826.0,175,1,0.0,0
13827.0,57,3,0.0,1
13828.0,21,1,0.0,1
13831.0,15,6,0.0,1
13832.0,18,1,0.0,1
13833.0,158,1,0.0,0
13835.0,24,4,0.0,1
13837.0,211,2,0.0,0
13838.0,5,4,0.0,1
13841.0,252,1,0.0,0
13842.0,58,9,0.0,1
13844.0,10,1,0.0,1
13845.0,64,1,0.0,1
13846.0,24,3,0.0,1
13848.0,91,3,0.0,1
13849.0,51,2,0.0,1
13850.0,128,1,0.0,1
13851.0,95,3,0.0,1
13853.0,56,1,0.0,1
13854.0,8,25,0.0,3
13856.0,168,3,0.0,0
13858.0,56,1,0.0,1
13859.0,325,1,0.0,0
13860.0,0,5,0.0,1
13862.0,17,8,0.0,1
13863.0,247,1,0.0,0
13865.0,57,4,0.0,1
13866.0,73,1,0.0,1
13867.0,30,3,0.0,1
13868.0,6,2,0.0,1
13869.0,122,4,0.0,1
13870.0,1,8,0.0,1
13871.0,22,13,0.0,3
13873.0,119,3,0.0,1
13874.0,357,1,0.0,0
13875.0,53,5,0.0,1
13876.0,63,1,0.0,1
13877.0,85,1,0.0,1
13878.0,54,1,0.0,1
13880.0,20,13,0.0,3
13881.0,2,20,0.0,3
13882.0,2,5,0.0,1
13883.0,10,5,0.0,1
13884.0,6,5,0.0,1
13885.0,188,2,0.0,0
13886.0,70,1,0.0,1
13887.0,203,1,0.0,0
13888.0,119,2,0.0,1
13889.0,92,1,0.0,1
13890.0,0,10,0.0,1
13892.0,26,4,0.0,1
13893.0,297,1,0.0,0
13894.0,23,3,0.0,1
13895.0,27,4,0.0,1
13897.0,49,1,0.0,1
13898.0,325,1,0.0,0
13899.0,15,2,0.0,1
13900.0,182,3,0.0,0
13901.0,71,5,0.0,1
13904.0,36,2,0.0,1
13908.0,79,4,0.0,1
13911.0,56,9,0.0,1
13914.0,11,2,0.0,1
13917.0,49,2,0.0,1
13918.0,49,2,0.0,1
13922.0,351,1,0.0,0
13923.0,53,1,0.0,1
13924.0,1,6,0.0,1
13925.0,92,4,0.0,1
13926.0,22,1,0.0,1
13927.0,74,1,0.0,1
13928.0,10,4,0.0,1
13929.0,168,2,0.0,0
13930.0,57,2,0.0,1
13931.0,95,2,0.0,1
13932.0,294,1,0.0,0
13933.0,108,2,0.0,1
13934.0,263,1,0.0,0
13936.0,179,1,0.0,0
13937.0,168,1,0.0,0
13938.0,34,1,0.0,1
13939.0,22,3,0.0,1
13940.0,16,4,0.0,1
13941.0,21,5,0.0,1
13946.0,78,3,0.0,1
13947.0,64,1,0.0,1
13948.0,360,1,0.0,0
13949.0,2,6,0.0,1
13950.0,10,4,0.0,1
13951.0,175,3,0.0,0
13952.0,217,2,0.0,0
13953.0,6,7,0.0,1
13954.0,0,2,0.0,1
13955.0,153,2,0.0,0
13956.0,4,5,0.0,1
13959.0,78,3,0.0,1
13960.0,20,2,0.0,1
13962.0,21,2,0.0,1
13963.0,307,4,0.0,0
13967.0,145,1,0.0,0
13969.0,6,18,0.0,3
13971.0,18,8,0.0,1
13972.0,70,2,0.0,1
13973.0,286,1,0.0,0
13974.0,48,1,0.0,1
13975.0,30,6,0.0,1
13976.0,206,1,0.0,0
13978.0,14,2,0.0,1
13979.0,72,1,0.0,1
13980.0,59,1,0.0,1
13982.0,38,4,0.0,1
13983.0,29,12,0.0,1
13984.0,26,5,0.0,1
13985.0,3,15,0.0,3
13986.0,16,1,0.0,1
13988.0,19,6,0.0,1
13989.0,65,2,0.0,1
13990.0,212,1,0.0,0
13991.0,11,6,0.0,1
13992.0,29,1,0.0,1
13993.0,42,9,0.0,1
13994.0,3,6,0.0,1
13995.0,14,5,0.0,1
13999.0,9,12,0.0,1
14000.0,210,1,0.0,0
14001.0,45,3,0.0,1
14002.0,133,2,0.0,1
14004.0,42,7,0.0,1
14005.0,9,5,0.0,1
14006.0,115,3,0.0,1
14009.0,197,2,0.0,0
14012.0,277,1,0.0,0
14013.0,109,3,0.0,1
14014.0,76,1,0.0,1
14015.0,52,1,0.0,1
14019.0,46,3,0.0,1
14020.0,16,2,0.0,1
14021.0,154,3,0.0,0
14022.0,224,1,0.0,0
14023.0,6,2,0.0,1
14024.0,121,2,0.0,1
14027.0,60,1,0.0,1
14029.0,62,2,0.0,1
14030.0,17,8,0.0,1
14031.0,6,19,0.0,3
14032.0,1,11,0.0,1
14034.0,21,3,0.0,1
14035.0,28,5,0.0,1
14036.0,284,1,0.0,0
14037.0,175,2,0.0,0
14038.0,77,3,0.0,1
14039.0,32,1,0.0,1
14040.0,40,12,0.0,1
14041.0,265,1,0.0,0
14044.0,26,4,0.0,1
14045.0,108,4,0.0,1
14046.0,283,1,0.0,0
14047.0,8,5,0.0,1
14048.0,304,1,0.0,0
14049.0,16,4,0.0,1
14050.0,31,2,0.0,1
14051.0,0,23,0.0,3
14052.0,19,1,0.0,1
14053.0,123,2,0.0,1
14054.0,64,1,0.0,1
14055.0,105,1,0.0,1
14056.0,0,23,0.0,3
14057.0,23,17,0.0,3
14059.0,266,1,0.0,0
14060.0,4,19,0.0,3
14062.0,9,12,0.0,1
14064.0,28,5,0.0,1
14066.0,266,1,0.0,0
14067.0,63,2,0.0,1
14068.0,319,1,0.0,0
14071.0,3,8,0.0,1
14073.0,31,1,0.0,1
14075.0,4,3,0.0,1
14076.0,128,1,0.0,1
14077.0,40,5,0.0,1
14078.0,101,6,0.0,1
14079.0,124,1,0.0,1
14080.0,32,1,0.0,1
14081.0,301,2,0.0,0
14082.0,364,1,0.0,0
14083.0,3,9,0.0,1
14085.0,1,18,0.0,3
14087.0,2,1,0.0,1
14088.0,9,13,0.0,3
14089.0,56,1,0.0,1
14090.0,324,1,0.0,0
14092.0,7,14,0.0,3
14093.0,11,1,0.0,1
14096.0,3,17,0.0,3
14098.0,36,1,0.0,1
14099.0,15,11,0.0,1
14100.0,137,1,0.0,1
14101.0,73,6,0.0,1
14102.0,4,5,0.0,1
14104.0,153,2,0.0,0
14105.0,238,1,0.0,0
14107.0,51,7,0.0,1
14108.0,30,2,0.0,1
14109.0,72,1,0.0,1
14110.0,3,12,0.0,1
14111.0,13,4,0.0,1
14112.0,22,7,0.0,1
14113.0,3,4,0.0,1
14114.0,273,2,0.0,0
14116.0,19,5,0.0,1
14117.0,143,1,0.0,0
14121.0,3,4,0.0,1
14124.0,83,1,0.0,1
14125.0,10,3,0.0,1
14126.0,7,3,0.0,1
14127.0,122,3,0.0,1
14128.0,60,2,0.0,1
14129.0,1,5,0.0,1
14130.0,318,1,0.0,0
14132.0,1,11,0.0,1
14133.0,129,3,0.0,1
14135.0,1,15,0.0,3
14138.0,1,2,0.0,1
14139.0,45,1,0.0,1
14140.0,3,2,0.0,1
14141.0,2,4,0.0,1
14142.0,372,1,0.0,0
14143.0,133,1,0.0,1
14145.0,46,4,0.0,1
14146.0,8,5,0.0,1
14147.0,77,2,0.0,1
14148.0,233,1,0.0,0
14149.0,220,1,0.0,0
14150.0,35,2,0.0,1
14152.0,74,2,0.0,1
14154.0,238,2,0.0,0
14155.0,265,1,0.0,0
14157.0,19,2,0.0,1
14158.0,39,1,0.0,1
14159.0,19,11,0.0,1
14161.0,215,3,0.0,0
14162.0,173,2,0.0,0
14163.0,86,4,0.0,1
14164.0,70,2,0.0,1
14165.0,275,1,0.0,0
14167.0,38,4,0.0,1
14171.0,97,1,0.0,1
14173.0,10,4,0.0,1
14174.0,32,1,0.0,1
14175.0,59,3,0.0,1
14176.0,296,4,0.0,0
14177.0,85,4,0.0,1
14178.0,8,7,0.0,1
14179.0,40,2,0.0,1
14180.0,10,25,0.0,3
14184.0,66,1,0.0,1
14185.0,330,1,0.0,0
14188.0,30,6,0.0,1
14189.0,1,15,0.0,3
14191.0,1,13,0.0,3
14193.0,67,2,0.0,1
14194.0,4,21,0.0,3
14195.0,201,2,0.0,0
14196.0,106,1,0.0,1
14198.0,17,4,0.0,1
14199.0,217,1,0.0,0
14201.0,59,7,0.0,1
14204.0,1,1,0.0,1
14205.0,16,2,0.0,1
14206.0,238,1,0.0,0
14208.0,94,1,0.0,1
14209.0,10,6,0.0,1
14210.0,105,6,0.0,1
14211.0,52,9,0.0,1
14212.0,89,1,0.0,1
14214.0,30,5,0.0,1
14215.0,11,6,0.0,1
14216.0,2,4,0.0,1
14217.0,1,17,0.0,3
14218.0,42,1,0.0,1
14219.0,3,1,0.0,1
14220.0,246,2,0.0,0
14221.0,41,9,0.0,1
14222.0,176,1,0.0,0
14223.0,91,3,0.0,1
14224.0,109,4,0.0,1
14226.0,28,5,0.0,1
14227.0,25,10,0.0,1
14229.0,51,3,0.0,1
14231.0,183,3,0.0,0
14232.0,42,5,0.0,1
14233.0,48,4,0.0,1
14234.0,21,4,0.0,1
14235.0,74,5,0.0,1
14236.0,80,2,0.0,1
14237.0,372,1,0.0,0
14238.0,325,1,0.0,0
14239.0,42,11,0.0,1
14240.0,29,2,0.0,1
14241.0,183,1,0.0,0
14242.0,234,2,0.0,0
14243.0,8,10,0.0,1
14245.0,219,2,0.0,0
14246.0,110,3,0.0,1
14247.0,277,1,0.0,0
14248.0,317,1,0.0,0
14250.0,6,3,0.0,1
14251.0,1,5,0.0,1
14256.0,259,2,0.0,0
14257.0,63,5,0.0,1
14258.0,8,9,0.0,1
14259.0,141,1,0.0,1
14261.0,50,2,0.0,1
14262.0,7,8,0.0,1
14264.0,154,2,0.0,0
14267.0,162,3,0.0,0
14270.0,331,1,0.0,0
14271.0,225,1,0.0,0
14272.0,73,2,0.0,1
14273.0,50,4,0.0,1
14276.0,98,3,0.0,1
14280.0,196,1,0.0,0
14282.0,2,15,0.0,3
14284.0,30,2,0.0,1
14285.0,20,4,0.0,1
14286.0,23,3,0.0,1
14287.0,7,3,0.0,1
14288.0,212,1,0.0,0
14289.0,8,6,0.0,1
14290.0,10,5,0.0,1
14291.0,1,11,0.0,1
14292.0,7,9,0.0,1
14293.0,2,4,0.0,1
14295.0,39,1,0.0,1
14297.0,17,4,0.0,1
14298.0,7,44,0.0,3
14299.0,7,9,0.0,1
14300.0,18,1,0.0,1
14301.0,116,1,0.0,1
14304.0,222,1,0.0,0
14305.0,70,3,0.0,1
14306.0,50,2,0.0,1
14307.0,88,6,0.0,1
14309.0,7,9,0.0,1
14311.0,242,1,0.0,0
14312.0,46,6,0.0,1
14314.0,106,1,0.0,1
14315.0,44,6,0.0,1
14317.0,64,1,0.0,1
14320.0,206,2,0.0,0
14321.0,10,5,0.0,1
14323.0,114,2,0.0,1
14326.0,241,1,0.0,0
14327.0,162,1,0.0,0
14329.0,16,7,0.0,1
14331.0,123,2,0.0,1
14332.0,22,3,0.0,1
14333.0,67,1,0.0,1
14334.0,16,8,0.0,1
14336.0,16,4,0.0,1
14338.0,160,2,0.0,0
14339.0,242,1,0.0,0
14340.0,218,1,0.0,0
14341.0,44,8,0.0,1
14342.0,20,4,0.0,1
14344.0,126,8,0.0,1
14345.0,38,1,0.0,1
14346.0,120,2,0.0,1
14348.0,259,1,0.0,0
14349.0,9,1,0.0,1
14350.0,273,1,0.0,0
14351.0,164,1,0.0,0
14352.0,156,4,0.0,0
14353.0,214,1,0.0,0
14354.0,5,2,0.0,1
14355.0,365,1,0.0,0
14356.0,79,2,0.0,1
14357.0,42,1,0.0,1
14359.0,18,3,0.0,1
14360.0,31,4,0.0,1
14362.0,21,1,0.0,1
14364.0,108,8,0.0,1
14367.0,7,16,0.0,3
14368.0,319,1,0.0,0
14371.0,294,1,0.0,0
14373.0,357,1,0.0,0
14375.0,184,1,0.0,0
14377.0,190,2,0.0,0
14379.0,43,2,0.0,1
14381.0,51,1,0.0,1
14382.0,25,1,0.0,1
14383.0,37,3,0.0,1
14385.0,8,3,0.0,1
14386.0,296,1,0.0,0
14387.0,32,3,0.0,1
14388.0,9,8,0.0,1
14389.0,64,2,0.0,1
14390.0,9,9,0.0,1
14393.0,217,1,0.0,0
14395.0,1,9,0.0,1
14396.0,64,2,0.0,1
14397.0,2,19,0.0,3
14400.0,148,1,0.0,0
14401.0,3,13,0.0,3
14403.0,129,4,0.0,1
14404.0,33,6,0.0,1
14406.0,118,1,0.0,1
14407.0,106,6,0.0,1
14408.0,10,7,0.0,1
14409.0,70,6,0.0,1
14410.0,91,9,0.0,1
14411.0,310,1,0.0,0
14412.0,42,2,0.0,1
14413.0,361,1,0.0,0
14414.0,91,7,0.0,1
14415.0,0,13,0.0,3
14416.0,21,2,0.0,1
14418.0,3,3,0.0,1
14419.0,10,6,0.0,1
14420.0,98,1,0.0,1
14421.0,56,2,0.0,1
14422.0,0,6,0.0,1
14423.0,217,1,0.0,0
14424.0,17,1,0.0,1
14426.0,23,10,0.0,1
14427.0,49,2,0.0,1
14428.0,6,5,0.0,1
14431.0,302,1,0.0,0
14432.0,9,6,0.0,1
14434.0,21,6,0.0,1
14436.0,98,1,0.0,1
14437.0,365,1,0.0,0
14438.0,305,1,0.0,0
14440.0,7,5,0.0,1
14441.0,0,4,0.0,1
14443.0,53,4,0.0,1
14446.0,0,4,0.0,1
14447.0,18,5,0.0,1
14448.0,8,2,0.0,1
14449.0,18,4,0.0,1
14450.0,180,3,0.0,0
14451.0,59,2,0.0,1
14452.0,10,2,0.0,1
14453.0,189,1,0.0,0
14456.0,4,9,0.0,1
14457.0,310,1,0.0,0
14459.0,154,1,0.0,0
14460.0,109,3,0.0,1
14461.0,147,3,0.0,0
14462.0,65,11,0.0,1
14463.0,97,3,0.0,1
14465.0,246,3,0.0,0
14466.0,28,7,0.0,1
14467.0,17,4,0.0,1
14470.0,11,2,0.0,1
14472.0,103,8,0.0,1
14473.0,73,2,0.0,1
14474.0,45,1,0.0,1
14475.0,71,3,0.0,1
14476.0,256,1,0.0,0
14477.0,19,4,0.0,1
14479.0,253,2,0.0,0
14480.0,10,1,0.0,1
14481.0,164,2,0.0,0
14482.0,17,6,0.0,1
14483.0,281,1,0.0,0
14484.0,49,1,0.0,1
14485.0,38,1,0.0,1
14487.0,26,6,0.0,1
14488.0,67,1,0.0,1
14489.0,206,1,0.0,0
14491.0,174,2,0.0,0
14493.0,6,5,0.0,1
14494.0,25,1,0.0,1
14495.0,50,2,0.0,1
14496.0,311,2,0.0,0
14497.0,308,1,0.0,0
14498.0,42,5,0.0,1
14499.0,25,3,0.0,1
14500.0,87,3,0.0,1
14501.0,183,2,0.0,0
14502.0,19,11,0.0,1
14503.0,2,6,0.0,1
14504.0,46,4,0.0,1
14505.0,16,8,0.0,1
14506.0,16,5,0.0,1
14507.0,23,6,0.0,1
14508.0,21,2,0.0,1
14511.0,10,5,0.0,1
14512.0,187,2,0.0,0
14513.0,100,3,0.0,1
14514.0,60,3,0.0,1
14515.0,17,6,0.0,1
14517.0,32,2,0.0,1
14518.0,63,1,0.0,1
14520.0,1,2,0.0,1
14522.0,23,4,0.0,1
14523.0,107,1,0.0,1
14524.0,31,9,0.0,1
14525.0,19,9,0.0,1
14527.0,2,55,0.0,3
14528.0,36,1,0.0,1
14529.0,59,3,0.0,1
14530.0,25,6,0.0,1
14532.0,235,4,0.0,0
14533.0,24,7,0.0,1
14534.0,2,18,0.0,3
14535.0,59,3,0.0,1
14536.0,259,1,0.0,0
14537.0,57,1,0.0,1
14538.0,64,2,0.0,1
14539.0,15,2,0.0,1
14540.0,9,3,0.0,1
14541.0,58,8,0.0,1
14542.0,185,1,0.0,0
14543.0,28,16,0.0,3
14544.0,23,2,0.0,1
14546.0,4,5,0.0,1
14547.0,3,8,0.0,1
14548.0,150,2,0.0,0
14549.0,310,1,0.0,0
14550.0,10,2,0.0,1
14551.0,17,2,0.0,1
14552.0,151,1,0.0,0
14553.0,18,5,0.0,1
14554.0,9,4,0.0,1
14555.0,56,2,0.0,1
14557.0,84,1,0.0,1
14560.0,6,22,0.0,3
14561.0,75,3,0.0,1
14562.0,3,18,0.0,3
14565.0,95,4,0.0,1
14567.0,56,2,0.0,1
14569.0,0,1,0.0,1
14570.0,280,2,0.0,0
14572.0,2,7,0.0,1
14573.0,179,9,0.0,0
14576.0,371,1,0.0,0
14577.0,12,4,0.0,1
14578.0,2,1,0.0,1
14581.0,16,1,0.0,1
14582.0,40,1,0.0,1
14583.0,5,5,0.0,1
14584.0,168,4,0.0,0
14585.0,49,1,0.0,1
14586.0,276,1,0.0,0
14587.0,18,9,0.0,1
14589.0,371,1,0.0,0
14591.0,14,4,0.0,1
14592.0,34,3,0.0,1
14593.0,21,3,0.0,1
14594.0,6,2,0.0,1
14595.0,19,6,0.0,1
14597.0,10,2,0.0,1
14598.0,43,1,0.0,1
14600.0,305,1,0.0,0
14601.0,10,1,0.0,1
14603.0,274,1,0.0,0
14606.0,0,93,0.0,2
14607.0,15,14,0.0,3
14608.0,3,4,0.0,1
14609.0,71,4,0.0,1
14616.0,242,3,0.0,0
14618.0,8,3,0.0,1
14619.0,245,1,0.0,0
14620.0,205,2,0.0,0
14621.0,0,5,0.0,1
14622.0,184,1,0.0,0
14623.0,31,5,0.0,1
14624.0,56,2,0.0,1
14625.0,195,2,0.0,0
14626.0,23,4,0.0,1
14628.0,90,2,0.0,1
14629.0,3,2,0.0,1
14631.0,50,3,0.0,1
14632.0,262,1,0.0,0
14633.0,265,1,0.0,0
14636.0,35,2,0.0,1
14638.0,50,1,0.0,1
14639.0,51,6,0.0,1
14640.0,23,6,0.0,1
14641.0,21,1,0.0,1
14642.0,58,1,0.0,1
14643.0,169,2,0.0,0
14644.0,67,2,0.0,1
14645.0,156,2,0.0,0
14647.0,200,1,0.0,0
14649.0,4,4,0.0,1
14651.0,66,2,0.0,1
14652.0,76,1,0.0,1
14653.0,0,7,0.0,1
14655.0,7,4,0.0,1
14656.0,168,2,0.0,0
14657.0,17,4,0.0,1
14658.0,4,2,0.0,1
14659.0,8,9,0.0,1
14660.0,86,2,0.0,1
14661.0,26,1,0.0,1
14662.0,28,4,0.0,1
14664.0,19,2,0.0,1
14665.0,60,5,0.0,1
14666.0,23,1,0.0,1
14667.0,10,25,0.0,3
14669.0,241,3,0.0,0
14670.0,279,2,0.0,0
14672.0,234,2,0.0,0
14673.0,2,5,0.0,1
14675.0,15,1,0.0,1
14676.0,30,6,0.0,1
14680.0,24,16,0.0,3
14681.0,70,3,0.0,1
14682.0,187,2,0.0,0
14684.0,25,5,0.0,1
14687.0,106,1,0.0,1
14688.0,7,21,0.0,3
14689.0,208,1,0.0,0
14690.0,43,2,0.0,1
14691.0,30,5,0.0,1
14692.0,136,4,0.0,1
14693.0,263,1,0.0,0
14696.0,3,7,0.0,1
14697.0,217,2,0.0,0
14698.0,1,5,0.0,1
14699.0,213,1,0.0,0
14700.0,31,3,0.0,1
14701.0,10,9,0.0,1
14702.0,0,17,0.0,3
14703.0,14,1,0.0,1
14704.0,10,9,0.0,1
14705.0,198,1,0.0,0
14708.0,2,3,0.0,1
14709.0,14,13,0.0,3
14710.0,13,4,0.0,1
14711.0,9,11,0.0,1
14712.0,28,3,0.0,1
14713.0,8,11,0.0,1
14714.0,23,1,0.0,1
14715.0,24,4,0.0,1
14716.0,42,2,0.0,1
14719.0,1,5,0.0,1
14720.0,5,3,0.0,1
14722.0,146,1,0.0,0
14723.0,9,6,0.0,1
14725.0,24,1,0.0,1
14727.0,273,1,0.0,0
14729.0,373,1,0.0,0
14730.0,0,8,0.0,1
14731.0,46,3,0.0,1
14732.0,7,8,0.0,1
14733.0,15,12,0.0,1
14735.0,3,32,0.0,3
14737.0,3,3,0.0,1
14738.0,42,7,0.0,1
14739.0,3,7,0.0,1
14740.0,196,3,0.0,0
14741.0,11,6,0.0,1
14744.0,15,7,0.0,1
14745.0,112,5,0.0,1
14747.0,248,1,0.0,0
14748.0,28,5,0.0,1
14752.0,43,1,0.0,1
14753.0,86,1,0.0,1
14754.0,44,2,0.0,1
14755.0,9,11,0.0,1
14756.0,14,1,0.0,1
14757.0,74,1,0.0,1
14758.0,144,4,0.0,1
14759.0,4,3,0.0,1
14760.0,296,1,0.0,0
14761.0,58,2,0.0,1
14762.0,263,1,0.0,0
14764.0,46,1,0.0,1
14765.0,28,3,0.0,1
14766.0,7,6,0.0,1
14768.0,16,2,0.0,1
14769.0,2,8,0.0,1
14770.0,231,2,0.0,0
14772.0,111,1,0.0,1
14775.0,57,3,0.0,1
14776.0,50,11,0.0,1
14778.0,126,2,0.0,1
14779.0,280,3,0.0,0
14780.0,54,2,0.0,1
14782.0,319,1,0.0,0
14784.0,25,2,0.0,1
14785.0,9,2,0.0,1
14788.0,6,2,0.0,1
14789.0,28,1,0.0,1
14790.0,16,4,0.0,1
14792.0,63,1,0.0,1
14793.0,20,1,0.0,1
14794.0,2,7,0.0,1
14795.0,165,1,0.0,0
14796.0,0,17,0.0,3
14798.0,52,3,0.0,1
14799.0,50,1,0.0,1
14800.0,47,12,0.0,1
14801.0,60,1,0.0,1
14803.0,161,3,0.0,0
14804.0,8,1,0.0,1
14805.0,14,4,0.0,1
14806.0,74,1,0.0,1
14808.0,39,8,0.0,1
14810.0,40,11,0.0,1
14813.0,369,2,0.0,0
14815.0,36,2,0.0,1
14816.0,196,1,0.0,0
14817.0,199,2,0.0,0
14818.0,73,3,0.0,1
14819.0,63,2,0.0,1
14820.0,20,4,0.0,1
14821.0,366,1,0.0,0
14823.0,179,3,0.0,0
14824.0,9,4,0.0,1
14825.0,3,12,0.0,1
14828.0,196,3,0.0,0
14829.0,28,4,0.0,1
14830.0,52,1,0.0,1
14834.0,17,6,0.0,1
14836.0,9,3,0.0,1
14837.0,89,4,0.0,1
14840.0,267,1,0.0,0
14841.0,52,6,0.0,1
14842.0,43,4,0.0,1
14844.0,63,4,0.0,1
14847.0,148,1,0.0,0
14849.0,21,25,0.0,3
14850.0,311,1,0.0,0
14851.0,22,2,0.0,1
14852.0,57,6,0.0,1
14853.0,23,2,0.0,1
14854.0,77,7,0.0,1
14855.0,118,2,0.0,1
14856.0,35,3,0.0,1
14857.0,59,2,0.0,1
14859.0,12,4,0.0,1
14860.0,18,1,0.0,1
14861.0,51,1,0.0,1
14862.0,25,2,0.0,1
14863.0,28,1,0.0,1
14865.0,6,2,0.0,1
14866.0,10,12,0.0,1
14867.0,185,3,0.0,0
14868.0,2,8,0.0,1
14869.0,8,2,0.0,1
14870.0,261,1,0.0,0
14871.0,2,4,0.0,1
14873.0,209,1,0.0,0
14875.0,107,2,0.0,1
14878.0,12,9,0.0,1
14880.0,76,3,0.0,1
14881.0,19,1,0.0,1
14882.0,26,2,0.0,1
14883.0,18,6,0.0,1
14885.0,131,1,0.0,1
14886.0,252,1,0.0,0
14887.0,78,1,0.0,1
14888.0,206,1,0.0,0
14889.0,335,1,0.0,0
14890.0,253,1,0.0,0
14891.0,147,2,0.0,0
14893.0,9,2,0.0,1
14894.0,84,1,0.0,1
14895.0,7,20,0.0,3
14896.0,204,2,0.0,0
14897.0,7,4,0.0,1
14898.0,22,6,0.0,1
14901.0,10,9,0.0,1
14902.0,25,1,0.0,1
14903.0,20,5,0.0,1
14904.0,1,2,0.0,1
14905.0,157,2,0.0,0
14907.0,2,7,0.0,1
14908.0,73,1,0.0,1
14910.0,2,4,0.0,1
14913.0,35,4,0.0,1
14915.0,90,2,0.0,1
14916.0,70,4,0.0,1
14918.0,115,2,0.0,1
14920.0,212,2,0.0,0
14921.0,29,2,0.0,1
14923.0,50,1,0.0,1
14924.0,245,1,0.0,0
14929.0,31,1,0.0,1
14944.0,29,12,0.0,1
14946.0,13,1,0.0,1
14947.0,71,2,0.0,1
14948.0,22,6,0.0,1
14950.0,18,1,0.0,1
14951.0,78,1,0.0,1
14952.0,59,11,0.0,1
14953.0,24,1,0.0,1
14954.0,11,1,0.0,1
14957.0,252,1,0.0,0
14958.0,146,3,0.0,0
14959.0,63,4,0.0,1
14960.0,7,2,0.0,1
14961.0,10,9,0.0,1
14962.0,270,1,0.0,0
14963.0,9,5,0.0,1
14964.0,246,1,0.0,0
14965.0,95,2,0.0,1
14966.0,14,1,0.0,1
14967.0,49,1,0.0,1
14968.0,29,1,0.0,1
14970.0,67,4,0.0,1
14971.0,34,3,0.0,1
14972.0,127,1,0.0,1
14973.0,106,3,0.0,1
14974.0,36,1,0.0,1
14975.0,56,1,0.0,1
14976.0,56,7,0.0,1
14978.0,71,5,0.0,1
14981.0,245,1,0.0,0
14984.0,18,2,0.0,1
14985.0,197,2,0.0,0
14987.0,15,2,0.0,1
14988.0,211,1,0.0,0
14995.0,38,2,0.0,1
14997.0,45,3,0.0,1
14998.0,169,2,0.0,0
15000.0,47,1,0.0,1
15002.0,115,4,0.0,1
15004.0,146,1,0.0,0
15005.0,15,28,0.0,3
15006.0,50,1,0.0,1
15007.0,158,1,0.0,0
15009.0,11,3,0.0,1
15010.0,35,1,0.0,1
15012.0,53,2,0.0,1
15014.0,42,2,0.0,1
15016.0,172,1,0.0,0
15017.0,33,1,0.0,1
15018.0,38,3,0.0,1
15019.0,266,1,0.0,0
15021.0,8,9,0.0,1
15022.0,11,4,0.0,1
15023.0,2,11,0.0,1
15024.0,9,10,0.0,1
15025.0,32,1,0.0,1
15026.0,79,3,0.0,1
15027.0,30,4,0.0,1
15028.0,7,4,0.0,1
15030.0,71,2,0.0,1
15031.0,3,4,0.0,1
15032.0,255,3,0.0,0
15033.0,4,10,0.0,1
15034.0,15,8,0.0,1
15035.0,89,1,0.0,1
15036.0,71,3,0.0,1
15038.0,58,6,0.0,1
15039.0,9,47,0.0,3
15041.0,169,1,0.0,0
15042.0,198,1,0.0,0
15043.0,30,1,0.0,1
15044.0,18,17,0.0,3
15045.0,151,2,0.0,0
15046.0,8,15,0.0,3
15047.0,269,1,0.0,0
15048.0,64,4,0.0,1
15049.0,273,1,0.0,0
15050.0,24,3,0.0,1
15051.0,22,3,0.0,1
15052.0,318,1,0.0,0
15053.0,4,3,0.0,1
15054.0,11,2,0.0,1
15057.0,274,2,0.0,0
15058.0,24,11,0.0,1
15059.0,40,9,0.0,1
15060.0,7,4,0.0,1
15061.0,3,48,0.0,3
15062.0,70,4,0.0,1
15063.0,212,1,0.0,0
15065.0,37,4,0.0,1
15066.0,52,1,0.0,1
15067.0,77,3,0.0,1
15068.0,45,2,0.0,1
15069.0,178,1,0.0,0
15070.0,372,1,0.0,0
15071.0,93,2,0.0,1
15073.0,9,3,0.0,1
15074.0,104,1,0.0,1
15075.0,77,1,0.0,1
15076.0,172,1,0.0,0
15078.0,6,32,0.0,3
15079.0,212,4,0.0,0
15081.0,21,5,0.0,1
15083.0,256,1,0.0,0
15087.0,281,1,0.0,0
15088.0,20,2,0.0,1
15089.0,9,6,0.0,1
15090.0,307,1,0.0,0
15091.0,67,1,0.0,1
15092.0,214,2,0.0,0
15093.0,17,6,0.0,1
15095.0,103,4,0.0,1
15096.0,42,1,0.0,1
15097.0,3,1,0.0,1
15098.0,181,3,0.0,0
15099.0,83,1,0.0,1
15100.0,333,3,0.0,0
15101.0,8,2,0.0,1
15103.0,30,2,0.0,1
15104.0,196,2,0.0,0
15105.0,17,7,0.0,1
15106.0,17,5,0.0,1
15107.0,310,6,0.0,0
15109.0,245,1,0.0,0
15110.0,23,4,0.0,1
15111.0,28,3,0.0,1
15113.0,9,3,0.0,1
15114.0,29,10,0.0,1
15115.0,17,1,0.0,1
15116.0,17,4,0.0,1
15117.0,14,5,0.0,1
15118.0,133,1,0.0,1
15119.0,245,1,0.0,0
15120.0,133,1,0.0,1
15121.0,49,2,0.0,1
15122.0,113,3,0.0,1
15123.0,6,2,0.0,1
15124.0,22,2,0.0,1
15125.0,24,15,0.0,3
15127.0,65,1,0.0,1
15128.0,59,4,0.0,1
15129.0,49,11,0.0,1
15130.0,169,1,0.0,0
15132.0,17,5,0.0,1
15133.0,127,3,0.0,1
15134.0,14,8,0.0,1
15135.0,238,1,0.0,0
15136.0,2,4,0.0,1
15139.0,239,2,0.0,0
15140.0,51,7,0.0,1
15142.0,45,1,0.0,1
15143.0,225,1,0.0,0
15144.0,7,17,0.0,3
15145.0,3,4,0.0,1
15146.0,164,2,0.0,0
15147.0,239,1,0.0,0
15148.0,10,1,0.0,1
15149.0,133,1,0.0,1
15150.0,16,10,0.0,1
15152.0,9,13,0.0,3
15153.0,30,1,0.0,1
15154.0,74,1,0.0,1
15156.0,0,3,0.0,1
15157.0,3,3,0.0,1
15158.0,44,1,0.0,1
15159.0,1,30,0.0,3
15160.0,356,1,0.0,0
15163.0,17,2,0.0,1
15164.0,68,3,0.0,1
15165.0,372,1,0.0,0
15167.0,320,1,0.0,0
15168.0,25,1,0.0,1
15171.0,330,1,0.0,0
15172.0,8,5,0.0,1
15174.0,322,1,0.0,0
15175.0,71,1,0.0,1
15178.0,259,1,0.0,0
15179.0,17,5,0.0,1
15180.0,366,1,0.0,0
15181.0,65,3,0.0,1
15182.0,153,2,0.0,0
15184.0,28,2,0.0,1
15185.0,69,1,0.0,1
15186.0,13,2,0.0,1
15187.0,1,16,0.0,3
15189.0,0,41,0.0,3
15192.0,119,3,0.0,1
15193.0,60,1,0.0,1
15194.0,2,15,0.0,3
15195.0,2,1,0.0,1
15197.0,10,3,0.0,1
15198.0,91,2,0.0,1
15199.0,58,4,0.0,1
15201.0,86,5,0.0,1
15203.0,25,6,0.0,1
15204.0,356,1,0.0,0
15205.0,84,2,0.0,1
15206.0,9,4,0.0,1
15208.0,0,5,0.0,1
15210.0,224,1,0.0,0
15211.0,59,2,0.0,1
15212.0,240,1,0.0,0
15213.0,318,2,0.0,0
15214.0,1,8,0.0,1
15215.0,46,3,0.0,1
15216.0,87,1,0.0,1
15218.0,10,11,0.0,1
15219.0,175,1,0.0,0
15220.0,51,6,0.0,1
15221.0,365,1,0.0,0
15222.0,318,1,0.0,0
15223.0,225,2,0.0,0
15224.0,357,2,0.0,0
15225.0,233,1,0.0,0
15226.0,310,1,0.0,0
15227.0,36,5,0.0,1
15228.0,65,4,0.0,1
15230.0,238,2,0.0,0
15232.0,112,2,0.0,1
15234.0,276,1,0.0,0
15235.0,217,12,0.0,0
15236.0,298,1,0.0,0
15237.0,1,4,0.0,1
15238.0,28,3,0.0,1
15239.0,9,2,0.0,1
15240.0,44,5,0.0,1
15241.0,66,8,0.0,1
15243.0,73,1,0.0,1
15244.0,64,2,0.0,1
15245.0,133,3,0.0,1
15246.0,237,2,0.0,0
15247.0,121,1,0.0,1
15249.0,31,13,0.0,3
15251.0,8,11,0.0,1
15252.0,35,2,0.0,1
15253.0,15,5,0.0,1
15254.0,126,1,0.0,1
15255.0,66,1,0.0,1
15256.0,148,1,0.0,0
15257.0,282,1,0.0,0
15258.0,168,2,0.0,0
15260.0,99,7,0.0,1
15261.0,134,1,0.0,1
15262.0,323,1,0.0,0
15263.0,106,1,0.0,1
15264.0,63,1,0.0,1
15265.0,150,2,0.0,0
15266.0,337,1,0.0,0
15267.0,21,5,0.0,1
15269.0,23,1,0.0,1
15270.0,15,7,0.0,1
15271.0,6,15,0.0,3
15272.0,56,2,0.0,1
15274.0,3,2,0.0,1
15275.0,37,1,0.0,1
15276.0,65,1,0.0,1
15277.0,46,1,0.0,1
15279.0,354,1,0.0,0
15280.0,171,1,0.0,0
15281.0,58,9,0.0,1
15286.0,49,1,0.0,1
15287.0,21,2,0.0,1
15288.0,42,5,0.0,1
15289.0,28,3,0.0,1
15290.0,4,18,0.0,3
15291.0,25,15,0.0,3
15292.0,200,1,0.0,0
15296.0,50,6,0.0,1
15297.0,9,3,0.0,1
15298.0,1,12,0.0,1
15299.0,66,7,0.0,1
15300.0,63,1,0.0,1
15301.0,50,12,0.0,1
15303.0,289,1,0.0,0
15304.0,60,8,0.0,1
15306.0,63,3,0.0,1
15307.0,95,1,0.0,1
15308.0,273,1,0.0,0
15311.0,0,91,0.0,2
15312.0,74,4,0.0,1
15313.0,109,1,0.0,1
15314.0,198,1,0.0,0
15315.0,63,2,0.0,1
15316.0,326,1,0.0,0
15318.0,3,1,0.0,1
15319.0,283,1,0.0,0
15320.0,43,1,0.0,1
15321.0,70,3,0.0,1
15322.0,85,1,0.0,1
15325.0,103,1,0.0,1
15326.0,333,1,0.0,0
15327.0,52,1,0.0,1
15329.0,38,3,0.0,1
15330.0,31,2,0.0,1
15333.0,207,1,0.0,0
15334.0,156,3,0.0,0
15335.0,52,1,0.0,1
15339.0,65,2,0.0,1
15341.0,80,1,0.0,1
15342.0,129,1,0.0,1
15343.0,86,1,0.0,1
15344.0,0,3,0.0,1
15345.0,45,1,0.0,1
15346.0,332,1,0.0,0
15347.0,365,1,0.0,0
15348.0,71,1,0.0,1
15349.0,157,2,0.0,0
15350.0,372,1,0.0,0
15351.0,11,7,0.0,1
15353.0,254,2,0.0,0
15355.0,28,2,0.0,1
15356.0,30,10,0.0,1
15358.0,4,22,0.0,3
15360.0,39,1,0.0,1
15361.0,361,1,0.0,0
15363.0,372,1,0.0,0
15364.0,95,2,0.0,1
15365.0,25,7,0.0,1
15366.0,74,2,0.0,1
15367.0,56,4,0.0,1
15368.0,20,1,0.0,1
15370.0,40,7,0.0,1
15372.0,136,1,0.0,1
15373.0,7,12,0.0,1
15374.0,128,1,0.0,1
15376.0,39,3,0.0,1
15379.0,168,7,0.0,0
15380.0,8,5,0.0,1
15381.0,213,2,0.0,0
15382.0,14,6,0.0,1
15384.0,169,2,0.0,0
15385.0,39,1,0.0,1
15386.0,185,1,0.0,0
15389.0,171,1,0.0,0
15392.0,4,4,0.0,1
15393.0,15,2,0.0,1
15394.0,9,4,0.0,1
15395.0,325,1,0.0,0
15396.0,112,1,0.0,1
15397.0,289,1,0.0,0
15398.0,15,2,0.0,1
15399.0,0,3,0.0,1
15400.0,91,5,0.0,1
15402.0,148,2,0.0,0
15405.0,188,1,0.0,0
15406.0,30,2,0.0,1
15407.0,33,4,0.0,1
15408.0,263,1,0.0,0
15410.0,83,8,0.0,1
15411.0,25,4,0.0,1
15412.0,170,1,0.0,0
15414.0,9,3,0.0,1
15415.0,312,1,0.0,0
15416.0,64,4,0.0,1
15417.0,84,1,0.0,1
15419.0,24,1,0.0,1
15421.0,58,4,0.0,1
15422.0,322,2,0.0,0
15423.0,37,1,0.0,1
15424.0,253,2,0.0,0
15426.0,18,5,0.0,1
15427.0,32,3,0.0,1
15428.0,14,1,0.0,1
15429.0,26,2,0.0,1
15432.0,22,1,0.0,1
15433.0,213,2,0.0,0
15434.0,7,5,0.0,1
15435.0,21,1,0.0,1
15436.0,11,3,0.0,1
15437.0,261,1,0.0,0
15438.0,130,1,0.0,1
15440.0,54,3,0.0,1
15442.0,248,1,0.0,0
15443.0,1,7,0.0,1
15444.0,8,2,0.0,1
15445.0,263,1,0.0,0
15447.0,330,1,0.0,0
15448.0,312,1,0.0,0
15449.0,25,3,0.0,1
15450.0,29,1,0.0,1
15452.0,29,3,0.0,1
15453.0,1,7,0.0,1
15454.0,361,1,0.0,0
15456.0,282,3,0.0,0
15457.0,261,1,0.0,0
15458.0,24,1,0.0,1
15460.0,353,1,0.0,0
15462.0,93,3,0.0,1
15463.0,28,1,0.0,1
15464.0,337,1,0.0,0
15465.0,19,18,0.0,3
15466.0,84,1,0.0,1
15467.0,8,3,0.0,1
15468.0,50,2,0.0,1
15469.0,49,2,0.0,1
15471.0,1,1,0.0,1
15472.0,112,1,0.0,1
15473.0,13,7,0.0,1
15475.0,76,1,0.0,1
15478.0,39,2,0.0,1
15482.0,15,12,0.0,1
15483.0,160,4,0.0,0
15484.0,0,4,0.0,1
15485.0,29,3,0.0,1
15488.0,92,1,0.0,1
15489.0,22,3,0.0,1
15491.0,94,6,0.0,1
15492.0,27,2,0.0,1
15493.0,32,5,0.0,1
15494.0,20,2,0.0,1
15497.0,17,2,0.0,1
15498.0,2,27,0.0,3
15500.0,7,4,0.0,1
15502.0,15,12,0.0,1
15503.0,362,1,0.0,0
15504.0,80,1,0.0,1
15505.0,52,5,0.0,1
15506.0,22,3,0.0,1
15507.0,171,1,0.0,0
15508.0,188,6,0.0,0
15510.0,330,1,0.0,0
15511.0,11,5,0.0,1
15512.0,155,2,0.0,0
15513.0,32,19,0.0,3
15514.0,11,11,0.0,1
15516.0,44,3,0.0,1
15517.0,232,1,0.0,0
15518.0,63,8,0.0,1
15520.0,1,1,0.0,1
15521.0,39,8,0.0,1
15522.0,32,2,0.0,1
15523.0,83,1,0.0,1
15524.0,24,1,0.0,1
15525.0,1,3,0.0,1
15526.0,32,2,0.0,1
15527.0,18,8,0.0,1
15528.0,253,1,0.0,0
15529.0,22,11,0.0,1
15530.0,21,4,0.0,1
15531.0,7,2,0.0,1
15532.0,24,4,0.0,1
15533.0,18,3,0.0,1
15535.0,172,4,0.0,0
15537.0,162,1,0.0,0
15539.0,6,1,0.0,1
15540.0,10,1,0.0,1
15541.0,113,1,0.0,1
15543.0,287,1,0.0,0
15544.0,8,9,0.0,1
15545.0,53,2,0.0,1
15547.0,6,14,0.0,3
15549.0,76,3,0.0,1
15550.0,3,4,0.0,1
15551.0,36,1,0.0,1
15552.0,216,1,0.0,0
15553.0,59,1,0.0,1
15554.0,277,1,0.0,0
15555.0,11,16,0.0,3
15556.0,23,1,0.0,1
15557.0,28,1,0.0,1
15561.0,11,4,0.0,1
15562.0,351,1,0.0,0
15563.0,21,4,0.0,1
15565.0,49,2,0.0,1
15567.0,18,1,0.0,1
15568.0,2,3,0.0,1
15569.0,103,5,0.0,1
15570.0,6,12,0.0,1
15571.0,11,4,0.0,1
15572.0,4,7,0.0,1
15573.0,31,2,0.0,1
15574.0,177,4,0.0,0
15576.0,37,1,0.0,1
15577.0,150,3,0.0,0
15578.0,161,1,0.0,0
15579.0,68,2,0.0,1
15581.0,120,13,0.0,1
15582.0,24,3,0.0,1
15584.0,23,4,0.0,1
15585.0,176,1,0.0,0
15587.0,49,4,0.0,1
15589.0,255,3,0.0,0
15592.0,46,1,0.0,1
15593.0,70,1,0.0,1
15594.0,15,5,0.0,1
15596.0,100,5,0.0,1
15597.0,34,1,0.0,1
15598.0,52,1,0.0,1
15599.0,26,2,0.0,1
15601.0,10,14,0.0,3
15602.0,7,9,0.0,1
15603.0,78,1,0.0,1
15604.0,51,1,0.0,1
15605.0,35,5,0.0,1
15606.0,60,9,0.0,1
15607.0,336,1,0.0,0
15608.0,27,4,0.0,1
15609.0,183,1,0.0,0
15610.0,51,1,0.0,1
15611.0,9,13,0.0,3
15612.0,35,2,0.0,1
15615.0,9,23,0.0,3
15618.0,32,4,0.0,1
15619.0,10,1,0.0,1
15620.0,56,3,0.0,1
15621.0,3,4,0.0,1
15622.0,42,9,0.0,1
15623.0,140,1,0.0,1
15624.0,116,4,0.0,1
15625.0,103,4,0.0,1
15626.0,74,2,0.0,1
15628.0,4,9,0.0,1
15630.0,44,2,0.0,1
15632.0,15,8,0.0,1
15634.0,16,1,0.0,1
15636.0,89,2,0.0,1
15637.0,52,1,0.0,1
15639.0,133,1,0.0,1
15640.0,3,15,0.0,3
15641.0,104,4,0.0,1
15643.0,191,3,0.0,0
15644.0,165,4,0.0,0
15645.0,18,1,0.0,1
15646.0,157,3,0.0,0
15648.0,203,2,0.0,0
15649.0,335,2,0.0,0
15651.0,36,3,0.0,1
15652.0,90,1,0.0,1
15653.0,92,2,0.0,1
15654.0,8,2,0.0,1
15655.0,242,1,0.0,0
15656.0,44,4,0.0,1
15657.0,22,1,0.0,1
15658.0,189,5,0.0,0
15659.0,43,1,0.0,1
15660.0,24,9,0.0,1
15661.0,316,2,0.0,0
15663.0,105,1,0.0,1
15664.0,50,1,0.0,1
15665.0,167,2,0.0,0
15667.0,39,1,0.0,1
15668.0,217,1,0.0,0
15669.0,39,4,0.0,1
15670.0,296,1,0.0,0
15671.0,18,7,0.0,1
15673.0,87,4,0.0,1
15674.0,72,5,0.0,1
15675.0,80,3,0.0,1
15676.0,18,3,0.0,1
15677.0,48,1,0.0,1
15678.0,52,1,0.0,1
15679.0,23,4,0.0,1
15680.0,8,3,0.0,1
15681.0,24,5,0.0,1
15683.0,116,1,0.0,1
15687.0,8,9,0.0,1
15689.0,119,2,0.0,1
15690.0,3,2,0.0,1
15691.0,251,1,0.0,0
15692.0,27,1,0.0,1
15694.0,0,14,0.0,3
15695.0,266,2,0.0,0
15696.0,32,8,0.0,1
15699.0,17,1,0.0,1
15700.0,171,2,0.0,0
15701.0,1,4,0.0,1
15703.0,264,1,0.0,0
15704.0,139,4,0.0,1
15705.0,200,1,0.0,0
15706.0,63,4,0.0,1
15707.0,34,4,0.0,1
15708.0,40,7,0.0,1
15709.0,283,1,0.0,0
15712.0,8,5,0.0,1
15713.0,142,2,0.0,1
15714.0,11,2,0.0,1
15716.0,145,4,0.0,1
15717.0,233,1,0.0,0
15719.0,32,13,0.0,3
15720.0,23,1,0.0,1
15721.0,11,1,0.0,1
15722.0,35,5,0.0,1
15723.0,364,1,0.0,0
15724.0,200,2,0.0,0
15725.0,14,1,0.0,1
15727.0,16,7,0.0,1
15729.0,212,1,0.0,0
15730.0,65,3,0.0,1
15732.0,211,2,0.0,0
15733.0,282,1,0.0,0
15734.0,114,2,0.0,1
15737.0,14,8,0.0,1
15738.0,18,16,0.0,3
15739.0,65,1,0.0,1
15740.0,48,1,0.0,1
15743.0,15,4,0.0,1
15744.0,77,1,0.0,1
15745.0,18,4,0.0,1
15746.0,133,1,0.0,1
15747.0,12,3,0.0,1
15748.0,39,1,0.0,1
15749.0,234,3,0.0,0
15750.0,2,8,0.0,1
15752.0,39,7,0.0,1
15753.0,304,1,0.0,0
15754.0,50,3,0.0,1
15755.0,9,6,0.0,1
15756.0,60,4,0.0,1
15757.0,65,2,0.0,1
15758.0,24,1,0.0,1
15759.0,217,3,0.0,0
15762.0,64,2,0.0,1
15763.0,31,2,0.0,1
15764.0,87,6,0.0,1
15766.0,63,1,0.0,1
15768.0,115,3,0.0,1
15769.0,6,26,0.0,3
15773.0,5,1,0.0,1
15774.0,68,1,0.0,1
15775.0,244,1,0.0,0
15776.0,132,1,0.0,1
15777.0,240,4,0.0,0
15780.0,183,3,0.0,0
15781.0,24,3,0.0,1
15782.0,9,3,0.0,1
15783.0,10,1,0.0,1
15785.0,32,5,0.0,1
15786.0,45,3,0.0,1
15787.0,25,3,0.0,1
15789.0,357,1,0.0,0
15790.0,9,1,0.0,1
15791.0,43,2,0.0,1
15793.0,14,3,0.0,1
15795.0,149,1,0.0,0
15796.0,0,8,0.0,1
15797.0,112,4,0.0,1
15799.0,75,3,0.0,1
15800.0,106,2,0.0,1
15801.0,45,3,0.0,1
15802.0,142,1,0.0,0
15803.0,50,1,0.0,1
15804.0,0,13,0.0,3
15805.0,22,17,0.0,3
15806.0,45,3,0.0,1
15807.0,49,3,0.0,1
15808.0,305,4,0.0,0
15809.0,35,5,0.0,1
15810.0,78,4,0.0,1
15811.0,21,6,0.0,1
15812.0,106,5,0.0,1
15813.0,207,2,0.0,0
15814.0,16,4,0.0,1
15815.0,63,5,0.0,1
15819.0,48,4,0.0,1
15820.0,319,1,0.0,0
15821.0,43,2,0.0,1
15822.0,2,2,0.0,1
15823.0,371,1,0.0,0
15825.0,171,1,0.0,0
15826.0,55,3,0.0,1
15827.0,72,14,0.0,3
15829.0,98,2,0.0,1
15830.0,37,1,0.0,1
15831.0,57,3,0.0,1
15832.0,253,1,0.0,0
15834.0,69,4,0.0,1
15835.0,43,4,0.0,1
15836.0,49,1,0.0,1
15837.0,64,1,0.0,1
15838.0,10,19,0.0,3
15839.0,32,3,0.0,1
15840.0,58,2,0.0,1
15841.0,72,4,0.0,1
15843.0,303,1,0.0,0
15844.0,45,1,0.0,1
15845.0,17,8,0.0,1
15847.0,37,2,0.0,1
15850.0,18,2,0.0,1
15852.0,186,2,0.0,0
15853.0,51,1,0.0,1
15854.0,3,12,0.0,1
15855.0,136,5,0.0,1
15856.0,3,27,0.0,3
15857.0,18,1,0.0,1
15858.0,15,5,0.0,1
15860.0,40,8,0.0,1
15861.0,11,8,0.0,1
15862.0,7,4,0.0,1
15863.0,25,2,0.0,1
15864.0,21,6,0.0,1
15865.0,40,3,0.0,1
15866.0,100,1,0.0,1
15867.0,4,15,0.0,3
15869.0,276,2,0.0,0
15870.0,32,1,0.0,1
15872.0,14,2,0.0,1
15874.0,63,7,0.0,1
15877.0,1,2,0.0,1
15880.0,368,1,0.0,0
15881.0,311,5,0.0,0
15882.0,198,4,0.0,0
15883.0,1,2,0.0,1
15885.0,92,3,0.0,1
15886.0,59,1,0.0,1
15888.0,80,1,0.0,1
15889.0,156,2,0.0,0
15891.0,226,1,0.0,0
15894.0,252,2,0.0,0
15895.0,149,1,0.0,0
15897.0,193,2,0.0,0
15898.0,0,5,0.0,1
15899.0,368,1,0.0,0
15900.0,23,1,0.0,1
15901.0,16,3,0.0,1
15903.0,9,7,0.0,1
15904.0,7,1,0.0,1
15906.0,19,7,0.0,1
15907.0,3,3,0.0,1
15909.0,173,1,0.0,0
15910.0,0,8,0.0,1
15912.0,177,2,0.0,0
15916.0,15,8,0.0,1
15917.0,247,1,0.0,0
15918.0,190,2,0.0,0
15919.0,19,2,0.0,1
15920.0,153,4,0.0,0
15921.0,172,1,0.0,0
15922.0,372,1,0.0,0
15923.0,372,1,0.0,0
15925.0,193,1,0.0,0
15930.0,66,1,0.0,1
15932.0,3,8,0.0,1
15933.0,20,3,0.0,1
15935.0,238,2,0.0,0
15937.0,63,1,0.0,1
15938.0,111,5,0.0,1
15939.0,89,15,0.0,3
15940.0,310,1,0.0,0
15942.0,133,1,0.0,1
15944.0,276,1,0.0,0
15945.0,364,1,0.0,0
15947.0,82,1,0.0,1
15948.0,7,2,0.0,1
15949.0,16,2,0.0,1
15950.0,31,4,0.0,1
15951.0,8,2,0.0,1
15952.0,33,4,0.0,1
15953.0,14,8,0.0,1
15955.0,23,14,0.0,3
15957.0,31,1,0.0,1
15958.0,73,1,0.0,1
15963.0,19,2,0.0,1
15965.0,16,4,0.0,1
15967.0,22,2,0.0,1
15969.0,2,3,0.0,1
15970.0,303,1,0.0,0
15971.0,16,12,0.0,1
15973.0,366,1,0.0,0
15974.0,38,7,0.0,1
15975.0,83,1,0.0,1
15976.0,164,2,0.0,0
15977.0,16,2,0.0,1
15978.0,76,1,0.0,1
15980.0,88,3,0.0,1
15981.0,24,8,0.0,1
15983.0,21,4,0.0,1
15984.0,2,10,0.0,1
15985.0,122,2,0.0,1
15986.0,29,1,0.0,1
15987.0,11,7,0.0,1
15988.0,18,1,0.0,1
15990.0,43,2,0.0,1
15992.0,3,1,0.0,1
15993.0,8,7,0.0,1
15994.0,54,1,0.0,1
15996.0,87,6,0.0,1
15998.0,36,5,0.0,1
16000.0,2,3,0.0,1
16003.0,29,5,0.0,1
16005.0,11,4,0.0,1
16006.0,210,1,0.0,0
16007.0,47,4,0.0,1
16008.0,23,3,0.0,1
16009.0,21,4,0.0,1
16010.0,245,3,0.0,0
16011.0,7,16,0.0,3
16012.0,34,3,0.0,1
16013.0,3,47,0.0,3
16014.0,37,3,0.0,1
16015.0,3,3,0.0,1
16016.0,2,8,0.0,1
16017.0,46,1,0.0,1
16018.0,38,2,0.0,1
16019.0,46,9,0.0,1
16020.0,16,3,0.0,1
16022.0,259,1,0.0,0
16023.0,45,3,0.0,1
16024.0,11,1,0.0,1
16025.0,29,1,0.0,1
16026.0,42,1,0.0,1
16027.0,91,6,0.0,1
16029.0,38,63,0.0,3
16030.0,309,1,0.0,0
16031.0,91,2,0.0,1
16033.0,5,20,0.0,3
16034.0,195,3,0.0,0
16036.0,86,2,0.0,1
16037.0,269,3,0.0,0
16038.0,7,3,0.0,1
16040.0,64,3,0.0,1
16041.0,30,3,0.0,1
16042.0,21,5,0.0,1
16043.0,36,4,0.0,1
16045.0,119,4,0.0,1
16048.0,372,2,0.0,0
16049.0,39,3,0.0,1
16050.0,173,1,0.0,0
16052.0,53,1,0.0,1
16053.0,32,2,0.0,1
16054.0,144,1,0.0,0
16055.0,220,1,0.0,0
16056.0,44,1,0.0,1
16057.0,15,7,0.0,1
16059.0,65,6,0.0,1
16062.0,9,4,0.0,1
16063.0,259,1,0.0,0
16065.0,364,1,0.0,0
16066.0,16,5,0.0,1
16070.0,21,2,0.0,1
16071.0,44,1,0.0,1
16072.0,287,1,0.0,0
16073.0,296,1,0.0,0
16076.0,2,10,0.0,1
16078.0,283,1,0.0,0
16079.0,16,3,0.0,1
16080.0,81,2,0.0,1
16081.0,55,5,0.0,1
16083.0,100,2,0.0,1
16084.0,298,1,0.0,0
16085.0,22,5,0.0,1
16086.0,58,5,0.0,1
16091.0,154,2,0.0,0
16092.0,114,3,0.0,1
16093.0,106,1,0.0,1
16094.0,11,4,0.0,1
16096.0,263,1,0.0,0
16097.0,239,1,0.0,0
16098.0,87,7,0.0,1
16099.0,49,3,0.0,1
16101.0,70,1,0.0,1
16102.0,41,3,0.0,1
16103.0,6,6,0.0,1
16104.0,61,1,0.0,1
16105.0,248,1,0.0,0
16106.0,65,1,0.0,1
16107.0,17,7,0.0,1
16108.0,84,1,0.0,1
16109.0,218,2,0.0,0
16110.0,44,3,0.0,1
16112.0,142,4,0.0,1
16113.0,182,1,0.0,0
16114.0,170,1,0.0,0
16115.0,9,8,0.0,1
16116.0,211,1,0.0,0
16117.0,189,1,0.0,0
16119.0,7,2,0.0,1
16120.0,58,4,0.0,1
16121.0,56,2,0.0,1
16122.0,72,4,0.0,1
16123.0,51,1,0.0,1
16124.0,316,1,0.0,0
16125.0,366,1,0.0,0
16126.0,28,4,0.0,1
16127.0,38,1,0.0,1
16128.0,17,5,0.0,1
16131.0,51,6,0.0,1
16133.0,3,33,0.0,3
16134.0,21,2,0.0,1
16135.0,262,1,0.0,0
16136.0,59,3,0.0,1
16139.0,18,3,0.0,1
16140.0,65,2,0.0,1
16141.0,87,1,0.0,1
16142.0,249,1,0.0,0
16143.0,2,6,0.0,1
16144.0,246,1,0.0,0
16145.0,8,11,0.0,1
16146.0,156,3,0.0,0
16147.0,133,1,0.0,1
16148.0,295,1,0.0,0
16149.0,4,2,0.0,1
16150.0,42,5,0.0,1
16152.0,268,1,0.0,0
16153.0,49,5,0.0,1
16156.0,8,9,0.0,1
16157.0,15,3,0.0,1
16159.0,281,1,0.0,0
16160.0,64,2,0.0,1
16161.0,1,19,0.0,3
16162.0,251,1,0.0,0
16163.0,231,2,0.0,0
16164.0,16,3,0.0,1
16168.0,10,27,0.0,3
16169.0,7,4,0.0,1
16170.0,50,6,0.0,1
16171.0,58,1,0.0,1
16172.0,94,5,0.0,1
16173.0,15,6,0.0,1
16174.0,125,3,0.0,1
16175.0,93,4,0.0,1
16177.0,49,1,0.0,1
16178.0,137,1,0.0,1
16179.0,60,1,0.0,1
16180.0,99,8,0.0,1
16181.0,72,1,0.0,1
16182.0,71,4,0.0,1
16183.0,66,1,0.0,1
16184.0,63,6,0.0,1
16185.0,16,2,0.0,1
16186.0,22,12,0.0,1
16187.0,31,15,0.0,3
16188.0,44,4,0.0,1
16189.0,15,2,0.0,1
16190.0,39,1,0.0,1
16191.0,2,13,0.0,3
16193.0,236,1,0.0,0
16198.0,74,1,0.0,1
16200.0,3,2,0.0,1
16201.0,2,4,0.0,1
16202.0,360,1,0.0,0
16203.0,58,4,0.0,1
16204.0,22,1,0.0,1
16205.0,30,4,0.0,1
16206.0,54,4,0.0,1
16207.0,24,1,0.0,1
16208.0,44,2,0.0,1
16209.0,88,5,0.0,1
16210.0,1,18,0.0,3
16211.0,88,1,0.0,1
16212.0,18,2,0.0,1
16213.0,78,1,0.0,1
16214.0,170,3,0.0,0
16215.0,80,1,0.0,1
16216.0,266,1,0.0,0
16217.0,234,2,0.0,0
16218.0,29,7,0.0,1
16221.0,36,3,0.0,1
16222.0,317,1,0.0,0
16224.0,56,4,0.0,1
16225.0,44,5,0.0,1
16226.0,202,3,0.0,0
16227.0,224,1,0.0,0
16229.0,86,2,0.0,1
16230.0,189,2,0.0,0
16232.0,43,4,0.0,1
16233.0,70,3,0.0,1
16235.0,40,5,0.0,1
16236.0,77,1,0.0,1
16239.0,56,2,0.0,1
16240.0,23,2,0.0,1
16241.0,9,13,0.0,3
16242.0,7,7,0.0,1
16243.0,33,2,0.0,1
16244.0,211,2,0.0,0
16245.0,23,3,0.0,1
16247.0,169,1,0.0,0
16248.0,61,1,0.0,1
16249.0,52,5,0.0,1
16250.0,260,2,0.0,0
16253.0,66,2,0.0,1
16255.0,16,8,0.0,1
16256.0,266,1,0.0,0
16257.0,176,1,0.0,0
16258.0,44,5,0.0,1
16260.0,50,1,0.0,1
16261.0,16,4,0.0,1
16265.0,8,9,0.0,1
16266.0,73,7,0.0,1
16268.0,70,2,0.0,1
16270.0,352,1,0.0,0
16271.0,2,5,0.0,1
16272.0,116,1,0.0,1
16274.0,372,1,0.0,0
16275.0,196,1,0.0,0
16276.0,176,1,0.0,0
16278.0,99,1,0.0,1
16279.0,20,3,0.0,1
16281.0,71,1,0.0,1
16282.0,339,1,0.0,0
16283.0,5,5,0.0,1
16284.0,30,2,0.0,1
16287.0,169,1,0.0,0
16292.0,121,1,0.0,1
16293.0,21,10,0.0,1
16295.0,9,4,0.0,1
16297.0,268,1,0.0,0
16298.0,22,3,0.0,1
16302.0,126,1,0.0,1
16303.0,25,3,0.0,1
16305.0,138,1,0.0,1
16306.0,213,6,0.0,0
16308.0,37,4,0.0,1
16309.0,105,2,0.0,1
16311.0,17,2,0.0,1
16313.0,2,2,0.0,1
16315.0,330,1,0.0,0
16316.0,63,8,0.0,1
16317.0,119,3,0.0,1
16318.0,34,1,0.0,1
16319.0,217,1,0.0,0
16322.0,0,2,0.0,1
16323.0,195,1,0.0,0
16324.0,127,3,0.0,1
16325.0,46,3,0.0,1
16326.0,5,14,0.0,3
16327.0,13,6,0.0,1
16330.0,17,3,0.0,1
16332.0,27,7,0.0,1
16333.0,7,22,0.0,3
16337.0,36,1,0.0,1
16338.0,156,1,0.0,0
16339.0,283,1,0.0,0
16340.0,106,1,0.0,1
16341.0,24,4,0.0,1
16342.0,74,4,0.0,1
16343.0,15,2,0.0,1
16344.0,157,1,0.0,0
16345.0,43,1,0.0,1
16347.0,10,2,0.0,1
16348.0,31,7,0.0,1
16349.0,290,1,0.0,0
16350.0,20,4,0.0,1
16351.0,332,1,0.0,0
16352.0,17,2,0.0,1
16353.0,3,23,0.0,3
16354.0,62,2,0.0,1
16356.0,197,3,0.0,0
16357.0,32,3,0.0,1
16358.0,0,4,0.0,1
16359.0,6,9,0.0,1
16360.0,4,6,0.0,1
16361.0,9,4,0.0,1
16362.0,31,5,0.0,1
16363.0,52,1,0.0,1
16364.0,11,2,0.0,1
16365.0,17,9,0.0,1
16366.0,18,1,0.0,1
16367.0,36,2,0.0,1
16368.0,1,2,0.0,1
16369.0,17,3,0.0,1
16370.0,81,4,0.0,1
16372.0,32,2,0.0,1
16374.0,65,2,0.0,1
16376.0,8,2,0.0,1
16377.0,266,1,0.0,0
16378.0,246,3,0.0,0
16379.0,3,4,0.0,1
16380.0,60,1,0.0,1
16383.0,74,2,0.0,1
16384.0,89,2,0.0,1
16385.0,59,3,0.0,1
16386.0,28,2,0.0,1
16387.0,322,1,0.0,0
16389.0,52,4,0.0,1
16392.0,269,1,0.0,0
16393.0,1,13,0.0,3
16394.0,56,5,0.0,1
16395.0,59,5,0.0,1
16398.0,153,2,0.0,0
16399.0,18,2,0.0,1
16400.0,94,1,0.0,1
16401.0,0,12,0.0,1
16402.0,264,2,0.0,0
16403.0,311,1,0.0,0
16404.0,69,1,0.0,1
16405.0,301,2,0.0,0
16406.0,18,1,0.0,1
16407.0,12,10,0.0,1
16409.0,35,5,0.0,1
16411.0,18,2,0.0,1
16412.0,53,1,0.0,1
16413.0,56,1,0.0,1
16414.0,21,2,0.0,1
16415.0,43,1,0.0,1
16416.0,25,3,0.0,1
16418.0,44,3,0.0,1
16419.0,112,6,0.0,1
16422.0,16,51,0.0,3
16423.0,24,1,0.0,1
16424.0,190,1,0.0,0
16425.0,301,1,0.0,0
16426.0,1,10,0.0,1
16427.0,262,2,0.0,0
16429.0,105,1,0.0,1
16430.0,56,1,0.0,1
16431.0,212,3,0.0,0
16432.0,63,1,0.0,1
16433.0,27,1,0.0,1
16434.0,28,7,0.0,1
16438.0,5,5,0.0,1
16440.0,7,5,0.0,1
16441.0,66,2,0.0,1
16442.0,1,3,0.0,1
16444.0,45,4,0.0,1
16445.0,33,1,0.0,1
16446.0,0,2,0.0,1
16447.0,135,1,0.0,1
16448.0,197,1,0.0,0
16449.0,197,2,0.0,0
16450.0,149,1,0.0,0
16451.0,87,1,0.0,1
16454.0,44,2,0.0,1
16455.0,63,7,0.0,1
16456.0,98,5,0.0,1
16457.0,217,1,0.0,0
16458.0,2,18,0.0,3
16460.0,27,3,0.0,1
16461.0,177,1,0.0,0
16462.0,73,3,0.0,1
16463.0,20,4,0.0,1
16464.0,19,3,0.0,1
16466.0,33,7,0.0,1
16468.0,73,1,0.0,1
16469.0,23,4,0.0,1
16470.0,51,4,0.0,1
16471.0,274,1,0.0,0
16473.0,164,3,0.0,0
16474.0,6,7,0.0,1
16475.0,87,4,0.0,1
16477.0,63,7,0.0,1
16478.0,24,3,0.0,1
16479.0,9,2,0.0,1
16480.0,75,1,0.0,1
16482.0,15,1,0.0,1
16483.0,191,1,0.0,0
16484.0,173,2,0.0,0
16485.0,76,1,0.0,1
16488.0,32,3,0.0,1
16491.0,46,1,0.0,1
16493.0,79,4,0.0,1
16494.0,296,1,0.0,0
16495.0,2,3,0.0,1
16496.0,8,3,0.0,1
16497.0,49,6,0.0,1
16498.0,160,2,0.0,0
16499.0,359,2,0.0,0
16500.0,4,6,0.0,1
16503.0,106,4,0.0,1
16504.0,24,1,0.0,1
16505.0,31,1,0.0,1
16506.0,19,2,0.0,1
16509.0,296,1,0.0,0
16510.0,371,1,0.0,0
16511.0,21,3,0.0,1
16513.0,4,4,0.0,1
16515.0,51,5,0.0,1
16516.0,29,1,0.0,1
16517.0,276,1,0.0,0
16518.0,60,2,0.0,1
16519.0,24,2,0.0,1
16520.0,185,3,0.0,0
16523.0,1,21,0.0,3
16525.0,1,26,0.0,3
16526.0,171,1,0.0,0
16527.0,80,1,0.0,1
16528.0,3,1,0.0,1
16529.0,189,1,0.0,0
16531.0,21,7,0.0,1
16532.0,17,3,0.0,1
16533.0,18,3,0.0,1
16535.0,4,1,0.0,1
16536.0,109,1,0.0,1
16539.0,2,4,0.0,1
16542.0,53,1,0.0,1
16545.0,164,1,0.0,0
16546.0,290,2,0.0,0
16549.0,9,10,0.0,1
16550.0,108,5,0.0,1
16551.0,95,3,0.0,1
16552.0,242,2,0.0,0
16553.0,162,12,0.0,1
16554.0,41,3,0.0,1
16555.0,34,2,0.0,1
16556.0,66,7,0.0,1
16557.0,23,2,0.0,1
16558.0,0,20,0.0,3
16560.0,26,2,0.0,1
16561.0,5,2,0.0,1
16563.0,53,1,0.0,1
16565.0,363,1,0.0,0
16566.0,14,5,0.0,1
16567.0,193,2,0.0,0
16569.0,2,1,0.0,1
16570.0,14,10,0.0,1
16571.0,26,3,0.0,1
16572.0,126,3,0.0,1
16573.0,84,2,0.0,1
16574.0,70,1,0.0,1
16581.0,182,1,0.0,0
16582.0,112,1,0.0,1
16583.0,373,1,0.0,0
16584.0,79,2,0.0,1
16586.0,248,1,0.0,0
16587.0,231,1,0.0,0
16589.0,70,3,0.0,1
16591.0,68,1,0.0,1
16592.0,3,16,0.0,3
16593.0,50,3,0.0,1
16594.0,74,1,0.0,1
16595.0,60,1,0.0,1
16596.0,15,2,0.0,1
16597.0,3,1,0.0,1
16598.0,285,1,0.0,0
16600.0,3,6,0.0,1
16601.0,40,1,0.0,1
16602.0,35,1,0.0,1
16603.0,74,2,0.0,1
16607.0,17,14,0.0,3
16609.0,14,7,0.0,1
16610.0,218,1,0.0,0
16611.0,185,1,0.0,0
16612.0,32,4,0.0,1
16613.0,69,1,0.0,1
16614.0,182,1,0.0,0
16616.0,14,2,0.0,1
16617.0,235,1,0.0,0
16618.0,30,5,0.0,1
16619.0,263,1,0.0,0
16620.0,3,2,0.0,1
16621.0,51,4,0.0,1
16623.0,245,1,0.0,0
16624.0,80,2,0.0,1
16625.0,273,1,0.0,0
16626.0,0,17,0.0,3
16627.0,78,1,0.0,1
16628.0,29,5,0.0,1
16629.0,73,2,0.0,1
16633.0,16,6,0.0,1
16634.0,222,2,0.0,0
16637.0,31,4,0.0,1
16638.0,22,10,0.0,1
16639.0,30,3,0.0,1
16641.0,105,1,0.0,1
16642.0,4,2,0.0,1
16643.0,245,1,0.0,0
16644.0,177,2,0.0,0
16647.0,169,2,0.0,0
16648.0,42,1,0.0,1
16650.0,71,1,0.0,1
16652.0,58,7,0.0,1
16653.0,15,2,0.0,1
16654.0,140,4,0.0,1
16655.0,17,6,0.0,1
16656.0,21,15,0.0,3
16657.0,9,4,0.0,1
16658.0,367,1,0.0,0
16659.0,188,1,0.0,0
16660.0,15,4,0.0,1
16665.0,361,1,0.0,0
16666.0,18,1,0.0,1
16667.0,67,2,0.0,1
16668.0,14,6,0.0,1
16669.0,23,3,0.0,1
16670.0,16,11,0.0,1
16671.0,27,3,0.0,1
16672.0,1,20,0.0,3
16674.0,54,2,0.0,1
16676.0,33,4,0.0,1
16678.0,2,12,0.0,1
16679.0,365,1,0.0,0
16680.0,42,1,0.0,1
16681.0,72,6,0.0,1
16682.0,4,5,0.0,1
16684.0,3,28,0.0,3
16685.0,60,2,0.0,1
16686.0,46,7,0.0,1
16688.0,0,4,0.0,1
16689.0,75,2,0.0,1
16690.0,71,2,0.0,1
16692.0,255,2,0.0,0
16693.0,68,2,0.0,1
16696.0,134,4,0.0,1
16697.0,240,1,0.0,0
16698.0,226,2,0.0,0
16700.0,8,13,0.0,3
16701.0,8,13,0.0,3
16705.0,0,20,0.0,3
16706.0,36,3,0.0,1
16708.0,45,1,0.0,1
16709.0,84,5,0.0,1
16710.0,18,10,0.0,1
16711.0,2,5,0.0,1
16712.0,8,11,0.0,1
16713.0,18,15,0.0,3
16714.0,218,3,0.0,0
16715.0,77,1,0.0,1
16716.0,266,2,0.0,0
16717.0,23,6,0.0,1
16718.0,368,1,0.0,0
16719.0,14,7,0.0,1
16720.0,25,1,0.0,1
16721.0,261,1,0.0,0
16722.0,16,13,0.0,3
16723.0,90,2,0.0,1
16725.0,301,7,0.0,0
16726.0,25,5,0.0,1
16727.0,363,1,0.0,0
16728.0,45,4,0.0,1
16729.0,37,21,0.0,3
16730.0,51,3,0.0,1
16732.0,31,1,0.0,1
16734.0,51,3,0.0,1
16735.0,78,5,0.0,1
16737.0,52,1,0.0,1
16738.0,297,1,0.0,0
16739.0,176,1,0.0,0
16742.0,46,1,0.0,1
16743.0,28,7,0.0,1
16744.0,10,7,0.0,1
16745.0,86,17,0.0,3
16746.0,4,18,0.0,3
16747.0,37,2,0.0,1
16748.0,17,5,0.0,1
16750.0,44,5,0.0,1
16751.0,30,1,0.0,1
16752.0,372,1,0.0,0
16753.0,57,1,0.0,1
16754.0,371,1,0.0,0
16755.0,113,3,0.0,1
16756.0,214,1,0.0,0
16757.0,318,1,0.0,0
16758.0,64,1,0.0,1
16759.0,7,3,0.0,1
16761.0,96,1,0.0,1
16762.0,19,3,0.0,1
16763.0,198,1,0.0,0
16764.0,3,13,0.0,3
16765.0,293,1,0.0,0
16766.0,272,2,0.0,0
16767.0,30,11,0.0,1
16768.0,47,3,0.0,1
16769.0,259,1,0.0,0
16770.0,57,5,0.0,1
16771.0,32,5,0.0,1
16773.0,56,1,0.0,1
16774.0,67,4,0.0,1
16775.0,9,11,0.0,1
16776.0,59,1,0.0,1
16777.0,79,2,0.0,1
16778.0,73,2,0.0,1
16779.0,1,22,0.0,3
16780.0,99,2,0.0,1
16781.0,371,1,0.0,0
16782.0,9,13,0.0,3
16784.0,19,1,0.0,1
16788.0,122,2,0.0,1
16789.0,7,1,0.0,1
16790.0,3,6,0.0,1
16791.0,28,7,0.0,1
16792.0,281,2,0.0,0
16793.0,56,1,0.0,1
16794.0,0,10,0.0,1
16795.0,364,1,0.0,0
16796.0,88,1,0.0,1
16800.0,10,1,0.0,1
16801.0,162,4,0.0,0
16803.0,64,1,0.0,1
16804.0,22,3,0.0,1
16805.0,173,2,0.0,0
16806.0,102,4,0.0,1
16807.0,142,3,0.0,1
16808.0,98,2,0.0,1
16809.0,22,5,0.0,1
16810.0,191,1,0.0,0
16811.0,4,2,0.0,1
16812.0,360,1,0.0,0
16813.0,7,10,0.0,1
16814.0,13,21,0.0,3
16816.0,102,4,0.0,1
16817.0,2,9,0.0,1
16818.0,10,11,0.0,1
16820.0,95,1,0.0,1
16823.0,226,1,0.0,0
16824.0,15,2,0.0,1
16825.0,38,2,0.0,1
16826.0,50,1,0.0,1
16828.0,92,2,0.0,1
16829.0,156,1,0.0,0
16830.0,38,1,0.0,1
16832.0,183,3,0.0,0
16833.0,0,4,0.0,1
16834.0,227,1,0.0,0
16835.0,127,2,0.0,1
16836.0,39,2,0.0,1
16837.0,30,11,0.0,1
16838.0,196,2,0.0,0
16839.0,8,34,0.0,3
16841.0,36,6,0.0,1
16842.0,100,3,0.0,1
16843.0,42,16,0.0,3
16846.0,49,1,0.0,1
16847.0,42,1,0.0,1
16848.0,52,1,0.0,1
16849.0,186,1,0.0,0
16850.0,333,1,0.0,0
16851.0,3,3,0.0,1
16852.0,9,2,0.0,1
16855.0,23,2,0.0,1
16856.0,14,1,0.0,1
16858.0,368,1,0.0,0
16859.0,144,2,0.0,0
16861.0,59,2,0.0,1
16863.0,30,2,0.0,1
16866.0,140,3,0.0,1
16869.0,22,4,0.0,1
16871.0,21,6,0.0,1
16872.0,76,3,0.0,1
16873.0,4,6,0.0,1
16875.0,66,5,0.0,1
16877.0,11,6,0.0,1
16878.0,83,1,0.0,1
16880.0,30,7,0.0,1
16881.0,66,1,0.0,1
16882.0,66,3,0.0,1
16883.0,186,2,0.0,0
16884.0,37,2,0.0,1
16885.0,14,3,0.0,1
16887.0,34,1,0.0,1
16889.0,194,3,0.0,0
16891.0,1,5,0.0,1
16892.0,0,5,0.0,1
16893.0,366,1,0.0,0
16895.0,64,1,0.0,1
16897.0,298,2,0.0,0
16898.0,25,3,0.0,1
16899.0,7,6,0.0,1
16900.0,16,3,0.0,1
16902.0,115,1,0.0,1
16903.0,28,1,0.0,1
16904.0,3,16,0.0,3
16905.0,4,7,0.0,1
16906.0,81,4,0.0,1
16907.0,28,5,0.0,1
16909.0,71,1,0.0,1
16910.0,3,8,0.0,1
16912.0,28,11,0.0,1
16913.0,289,1,0.0,0
16914.0,35,1,0.0,1
16915.0,8,6,0.0,1
16916.0,23,2,0.0,1
16917.0,276,1,0.0,0
16918.0,48,6,0.0,1
16919.0,155,11,0.0,1
16921.0,60,1,0.0,1
16923.0,11,19,0.0,3
16924.0,20,3,0.0,1
16926.0,370,1,0.0,0
16927.0,115,3,0.0,1
16928.0,79,17,0.0,3
16929.0,3,7,0.0,1
16930.0,25,3,0.0,1
16931.0,4,21,0.0,3
16932.0,52,1,0.0,1
16933.0,0,2,0.0,1
16934.0,54,2,0.0,1
16936.0,25,1,0.0,1
16938.0,8,4,0.0,1
16940.0,51,3,0.0,1
16942.0,12,9,0.0,1
16943.0,211,3,0.0,0
16945.0,21,19,0.0,3
16947.0,235,1,0.0,0
16948.0,138,3,0.0,1
16949.0,3,6,0.0,1
16950.0,56,3,0.0,1
16951.0,134,3,0.0,1
16952.0,108,2,0.0,1
16953.0,29,1,0.0,1
16954.0,0,9,0.0,1
16955.0,184,4,0.0,0
16956.0,17,1,0.0,1
16957.0,238,2,0.0,0
16959.0,86,1,0.0,1
16960.0,38,3,0.0,1
16961.0,115,1,0.0,1
16963.0,186,1,0.0,0
16965.0,226,1,0.0,0
16966.0,7,7,0.0,1
16967.0,188,1,0.0,0
16968.0,3,2,0.0,1
16969.0,38,3,0.0,1
16971.0,37,1,0.0,1
16976.0,266,1,0.0,0
16978.0,76,1,0.0,1
16979.0,3,6,0.0,1
16980.0,254,2,0.0,0
16982.0,60,1,0.0,1
16983.0,12,7,0.0,1
16984.0,87,2,0.0,1
16985.0,16,10,0.0,1
16986.0,29,2,0.0,1
16987.0,2,7,0.0,1
16988.0,4,1,0.0,1
16989.0,6,6,0.0,1
16990.0,218,1,0.0,0
16992.0,10,5,0.0,1
16996.0,29,6,0.0,1
16997.0,287,3,0.0,0
16998.0,149,4,0.0,0
16999.0,22,2,0.0,1
17001.0,0,11,0.0,1
17002.0,85,3,0.0,1
17004.0,45,2,0.0,1
17006.0,4,4,0.0,1
17007.0,50,6,0.0,1
17010.0,17,1,0.0,1
17011.0,29,1,0.0,1
17014.0,7,3,0.0,1
17015.0,28,3,0.0,1
17017.0,2,20,0.0,3
17018.0,40,2,0.0,1
17019.0,10,4,0.0,1
17022.0,30,1,0.0,1
17024.0,44,3,0.0,1
17025.0,60,3,0.0,1
17026.0,184,2,0.0,0
17027.0,78,6,0.0,1
17029.0,110,2,0.0,1
17030.0,63,1,0.0,1
17031.0,11,2,0.0,1
17033.0,85,3,0.0,1
17034.0,15,3,0.0,1
17035.0,245,2,0.0,0
17037.0,87,1,0.0,1
17038.0,29,1,0.0,1
17040.0,137,1,0.0,1
17041.0,26,3,0.0,1
17042.0,2,5,0.0,1
17043.0,31,4,0.0,1
17044.0,24,1,0.0,1
17045.0,112,3,0.0,1
17046.0,156,1,0.0,0
17047.0,84,3,0.0,1
17048.0,117,3,0.0,1
17049.0,2,9,0.0,1
17050.0,95,6,0.0,1
17051.0,193,1,0.0,0
17052.0,27,1,0.0,1
17053.0,130,1,0.0,1
17054.0,27,5,0.0,1
17058.0,81,3,0.0,1
17059.0,29,5,0.0,1
17060.0,265,1,0.0,0
17061.0,73,11,0.0,1
17062.0,313,4,0.0,0
17063.0,20,7,0.0,1
17064.0,58,3,0.0,1
17068.0,11,21,0.0,3
17069.0,27,9,0.0,1
17070.0,113,1,0.0,1
17071.0,27,9,0.0,1
17073.0,17,4,0.0,1
17075.0,17,4,0.0,1
17076.0,35,3,0.0,1
17078.0,35,2,0.0,1
17079.0,77,1,0.0,1
17080.0,21,2,0.0,1
17081.0,24,2,0.0,1
17082.0,32,2,0.0,1
17083.0,108,3,0.0,1
17084.0,34,2,0.0,1
17085.0,122,5,0.0,1
17086.0,6,6,0.0,1
17088.0,27,4,0.0,1
17090.0,3,7,0.0,1
17091.0,2,9,0.0,1
17092.0,49,4,0.0,1
17094.0,321,1,0.0,0
17095.0,22,3,0.0,1
17096.0,14,4,0.0,1
17100.0,17,2,0.0,1
17101.0,9,4,0.0,1
17102.0,261,1,0.0,0
17105.0,158,2,0.0,0
17107.0,32,6,0.0,1
17109.0,28,6,0.0,1
17110.0,164,1,0.0,0
17111.0,46,1,0.0,1
17114.0,5,8,0.0,1
17115.0,7,3,0.0,1
17117.0,287,1,0.0,0
17118.0,317,1,0.0,0
17119.0,2,2,0.0,1
17120.0,232,1,0.0,0
17122.0,118,1,0.0,1
17123.0,161,1,0.0,0
17124.0,184,1,0.0,0
17125.0,49,1,0.0,1
17126.0,151,5,0.0,0
17128.0,334,1,0.0,0
17131.0,4,5,0.0,1
17133.0,15,7,0.0,1
17134.0,106,2,0.0,1
17135.0,15,7,0.0,1
17138.0,275,1,0.0,0
17139.0,15,12,0.0,1
17140.0,246,1,0.0,0
17142.0,238,1,0.0,0
17144.0,0,2,0.0,1
17146.0,105,3,0.0,1
17147.0,22,4,0.0,1
17148.0,51,1,0.0,1
17152.0,194,3,0.0,0
17153.0,23,1,0.0,1
17154.0,74,1,0.0,1
17155.0,17,2,0.0,1
17157.0,7,2,0.0,1
17158.0,31,3,0.0,1
17159.0,21,3,0.0,1
17160.0,30,6,0.0,1
17162.0,28,10,0.0,1
17163.0,21,2,0.0,1
17164.0,32,7,0.0,1
17165.0,283,1,0.0,0
17166.0,38,2,0.0,1
17169.0,57,2,0.0,1
17171.0,288,1,0.0,0
17172.0,78,1,0.0,1
17173.0,4,8,0.0,1
17174.0,217,1,0.0,0
17175.0,43,4,0.0,1
17176.0,201,1,0.0,0
17179.0,177,3,0.0,0
17180.0,55,4,0.0,1
17181.0,56,2,0.0,1
17183.0,7,6,0.0,1
17186.0,46,2,0.0,1
17187.0,226,1,0.0,0
17188.0,10,7,0.0,1
17189.0,105,2,0.0,1
17190.0,58,2,0.0,1
17191.0,27,7,0.0,1
17193.0,35,7,0.0,1
17194.0,273,2,0.0,0
17197.0,29,1,0.0,1
17198.0,23,3,0.0,1
17201.0,53,1,0.0,1
17203.0,35,6,0.0,1
17204.0,174,4,0.0,0
17205.0,53,1,0.0,1
17206.0,52,1,0.0,1
17211.0,26,8,0.0,1
17212.0,252,1,0.0,0
17213.0,39,7,0.0,1
17214.0,59,6,0.0,1
17217.0,233,1,0.0,0
17218.0,3,10,0.0,1
17219.0,31,1,0.0,1
17220.0,23,14,0.0,3
17221.0,6,2,0.0,1
17222.0,64,1,0.0,1
17223.0,309,2,0.0,0
17226.0,308,1,0.0,0
17227.0,18,6,0.0,1
17228.0,15,8,0.0,1
17229.0,95,2,0.0,1
17230.0,263,8,0.0,0
17231.0,11,10,0.0,1
17232.0,2,2,0.0,1
17233.0,34,1,0.0,1
17234.0,182,1,0.0,0
17235.0,24,2,0.0,1
17236.0,12,6,0.0,1
17237.0,10,2,0.0,1
17238.0,2,17,0.0,3
17239.0,312,1,0.0,0
17242.0,107,2,0.0,1
17243.0,0,26,0.0,3
17244.0,52,1,0.0,1
17245.0,204,1,0.0,0
17247.0,14,1,0.0,1
17248.0,119,1,0.0,1
17250.0,3,2,0.0,1
17251.0,362,1,0.0,0
17252.0,116,2,0.0,1
17253.0,17,1,0.0,1
17254.0,4,2,0.0,1
17255.0,40,2,0.0,1
17256.0,106,2,0.0,1
17259.0,147,2,0.0,0
17262.0,51,5,0.0,1
17263.0,207,1,0.0,0
17265.0,138,2,0.0,1
17266.0,1,3,0.0,1
17267.0,126,2,0.0,1
17268.0,107,4,0.0,1
17272.0,41,4,0.0,1
17274.0,34,1,0.0,1
17277.0,227,2,0.0,0
17278.0,240,1,0.0,0
17279.0,57,1,0.0,1
17282.0,129,3,0.0,1
17284.0,59,6,0.0,1
17286.0,21,1,0.0,1
17287.0,25,7,0.0,1
17288.0,8,7,0.0,1
17289.0,31,3,0.0,1
17290.0,3,2,0.0,1
17291.0,307,1,0.0,0
17293.0,7,9,0.0,1
17295.0,28,3,0.0,1
17297.0,16,1,0.0,1
17298.0,100,2,0.0,1
17299.0,11,4,0.0,1
17301.0,20,1,0.0,1
17302.0,14,5,0.0,1
17303.0,360,1,0.0,0
17306.0,10,19,0.0,3
17309.0,94,1,0.0,1
17311.0,77,2,0.0,1
17312.0,138,3,0.0,1
17313.0,30,1,0.0,1
17314.0,24,8,0.0,1
17315.0,1,38,0.0,3
17317.0,45,3,0.0,1
17320.0,99,3,0.0,1
17321.0,7,2,0.0,1
17323.0,14,7,0.0,1
17324.0,17,4,0.0,1
17325.0,279,1,0.0,0
17329.0,13,2,0.0,1
17330.0,22,2,0.0,1
17331.0,123,1,0.0,1
17333.0,85,1,0.0,1
17334.0,301,2,0.0,0
17337.0,150,4,0.0,0
17338.0,16,8,0.0,1
17339.0,93,2,0.0,1
17340.0,29,11,0.0,1
17341.0,156,3,0.0,0
17343.0,354,1,0.0,0
17344.0,45,1,0.0,1
17345.0,14,4,0.0,1
17346.0,3,15,0.0,3
17347.0,85,1,0.0,1
17348.0,14,5,0.0,1
17349.0,178,1,0.0,0
17350.0,7,4,0.0,1
17351.0,35,3,0.0,1
17353.0,128,2,0.0,1
17354.0,50,1,0.0,1
17356.0,311,1,0.0,0
17357.0,23,2,0.0,1
17358.0,302,2,0.0,0
17359.0,10,1,0.0,1
17360.0,16,3,0.0,1
17361.0,48,3,0.0,1
17362.0,238,2,0.0,0
17364.0,0,11,0.0,1
17365.0,12,8,0.0,1
17367.0,237,1,0.0,0
17368.0,22,8,0.0,1
17370.0,72,4,0.0,1
17371.0,16,3,0.0,1
17372.0,40,8,0.0,1
17373.0,39,4,0.0,1
17374.0,218,2,0.0,0
17375.0,198,3,0.0,0
17376.0,70,2,0.0,1
17377.0,23,20,0.0,3
17379.0,10,1,0.0,1
17381.0,8,29,0.0,3
17382.0,64,1,0.0,1
17383.0,3,1,0.0,1
17384.0,18,2,0.0,1
17385.0,14,1,0.0,1
17386.0,7,6,0.0,1
17387.0,19,2,0.0,1
17388.0,77,4,0.0,1
17389.0,0,34,0.0,3
17391.0,163,2,0.0,0
17392.0,306,2,0.0,0
17394.0,218,1,0.0,0
17396.0,38,8,0.0,1
17397.0,21,2,0.0,1
17398.0,114,3,0.0,1
17400.0,125,5,0.0,1
17402.0,4,13,0.0,3
17403.0,35,1,0.0,1
17405.0,0,3,0.0,1
17406.0,332,3,0.0,0
17408.0,162,1,0.0,0
17409.0,184,2,0.0,0
17410.0,15,5,0.0,1
17411.0,11,3,0.0,1
17412.0,2,7,0.0,1
17414.0,43,2,0.0,1
17415.0,78,1,0.0,1
17416.0,29,7,0.0,1
17418.0,41,2,0.0,1
17419.0,10,12,0.0,1
17420.0,49,3,0.0,1
17422.0,15,6,0.0,1
17423.0,45,2,0.0,1
17425.0,18,2,0.0,1
17426.0,7,6,0.0,1
17427.0,71,1,0.0,1
17428.0,0,28,0.0,3
17429.0,127,3,0.0,1
17430.0,32,2,0.0,1
17431.0,312,1,0.0,0
17432.0,17,2,0.0,1
17433.0,87,1,0.0,1
17434.0,1,7,0.0,1
17436.0,1,2,0.0,1
17438.0,253,1,0.0,0
17440.0,156,3,0.0,0
17442.0,36,6,0.0,1
17446.0,176,2,0.0,0
17447.0,39,2,0.0,1
17449.0,1,7,0.0,1
17450.0,7,46,0.0,3
17451.0,0,7,0.0,1
17453.0,17,2,0.0,1
17454.0,191,4,0.0,0
17455.0,203,1,0.0,0
17456.0,364,1,0.0,0
17457.0,126,5,0.0,1
17458.0,14,1,0.0,1
17459.0,42,2,0.0,1
17460.0,93,6,0.0,1
17461.0,22,3,0.0,1
17462.0,59,2,0.0,1
17463.0,15,5,0.0,1
17464.0,157,1,0.0,0
17466.0,9,2,0.0,1
17468.0,9,2,0.0,1
17469.0,15,5,0.0,1
17470.0,44,5,0.0,1
17472.0,190,3,0.0,0
17475.0,78,1,0.0,1
17480.0,77,1,0.0,1
17481.0,3,4,0.0,1
17483.0,64,3,0.0,1
17486.0,260,1,0.0,0
17489.0,58,2,0.0,1
17490.0,0,7,0.0,1
17491.0,0,10,0.0,1
17492.0,247,1,0.0,0
17495.0,7,2,0.0,1
17496.0,358,1,0.0,0
17498.0,75,1,0.0,1
17499.0,289,1,0.0,0
17500.0,16,3,0.0,1
17501.0,220,2,0.0,0
17502.0,8,4,0.0,1
17503.0,2,2,0.0,1
17504.0,205,9,0.0,0
17505.0,160,2,0.0,0
17506.0,75,1,0.0,1
17507.0,261,2,0.0,0
17509.0,57,8,0.0,1
17510.0,24,1,0.0,1
17511.0,2,31,0.0,3
17512.0,28,10,0.0,1
17513.0,71,1,0.0,1
17514.0,127,1,0.0,1
17515.0,30,4,0.0,1
17516.0,14,5,0.0,1
17517.0,308,1,0.0,0
17519.0,16,6,0.0,1
17520.0,53,1,0.0,1
17521.0,29,3,0.0,1
17522.0,1,5,0.0,1
17523.0,10,4,0.0,1
17524.0,360,1,0.0,0
17525.0,359,1,0.0,0
17526.0,4,4,0.0,1
17527.0,53,4,0.0,1
17528.0,0,8,0.0,1
17530.0,0,10,0.0,1
17531.0,189,1,0.0,0
17534.0,53,1,0.0,1
17535.0,279,1,0.0,0
17536.0,176,1,0.0,0
17537.0,29,2,0.0,1
17538.0,25,1,0.0,1
17540.0,24,2,0.0,1
17542.0,269,1,0.0,0
17545.0,42,3,0.0,1
17548.0,233,1,0.0,0
17549.0,23,2,0.0,1
17550.0,196,3,0.0,0
17551.0,358,1,0.0,0
17552.0,59,4,0.0,1
17553.0,129,1,0.0,1
17554.0,0,5,0.0,1
17555.0,19,2,0.0,1
17556.0,205,1,0.0,0
17557.0,13,3,0.0,1
17560.0,94,5,0.0,1
17561.0,18,1,0.0,1
17562.0,13,7,0.0,1
17564.0,23,3,0.0,1
17566.0,7,2,0.0,1
17567.0,6,8,0.0,1
17569.0,331,1,0.0,0
17571.0,49,4,0.0,1
17572.0,70,4,0.0,1
17573.0,28,3,0.0,1
17574.0,242,1,0.0,0
17576.0,7,19,0.0,3
17578.0,217,1,0.0,0
17579.0,4,3,0.0,1
17580.0,252,3,0.0,0
17581.0,0,25,0.0,3
17582.0,235,1,0.0,0
17584.0,6,2,0.0,1
17585.0,108,4,0.0,1
17588.0,99,3,0.0,1
17589.0,59,4,0.0,1
17590.0,1,3,0.0,1
17591.0,72,7,0.0,1
17593.0,3,5,0.0,1
17594.0,84,2,0.0,1
17595.0,11,2,0.0,1
17596.0,22,7,0.0,1
17597.0,213,1,0.0,0
17600.0,17,1,0.0,1
17601.0,238,1,0.0,0
17602.0,1,6,0.0,1
17603.0,77,1,0.0,1
17604.0,216,2,0.0,0
17608.0,32,2,0.0,1
17609.0,40,5,0.0,1
17611.0,6,15,0.0,3
17612.0,52,6,0.0,1
17613.0,22,14,0.0,3
17614.0,56,1,0.0,1
17615.0,129,3,0.0,1
17616.0,173,3,0.0,0
17618.0,5,3,0.0,1
17619.0,311,1,0.0,0
17620.0,59,1,0.0,1
17621.0,20,3,0.0,1
17623.0,32,1,0.0,1
17624.0,14,2,0.0,1
17625.0,17,4,0.0,1
17628.0,80,1,0.0,1
17629.0,5,8,0.0,1
17630.0,169,2,0.0,0
17631.0,1,3,0.0,1
17633.0,30,4,0.0,1
17634.0,35,9,0.0,1
17636.0,18,1,0.0,1
17637.0,30,2,0.0,1
17639.0,275,1,0.0,0
17640.0,86,1,0.0,1
17642.0,119,2,0.0,1
17643.0,372,1,0.0,0
17644.0,0,11,0.0,1
17646.0,218,3,0.0,0
17647.0,64,1,0.0,1
17648.0,60,4,0.0,1
17649.0,137,1,0.0,1
17650.0,20,1,0.0,1
17651.0,11,10,0.0,1
17652.0,24,12,0.0,1
17653.0,36,4,0.0,1
17654.0,276,1,0.0,0
17655.0,10,7,0.0,1
17656.0,72,5,0.0,1
17658.0,25,2,0.0,1
17659.0,16,12,0.0,1
17660.0,140,1,0.0,1
17663.0,25,7,0.0,1
17664.0,18,2,0.0,1
17666.0,3,2,0.0,1
17667.0,65,5,0.0,1
17668.0,0,2,0.0,1
17669.0,42,7,0.0,1
17670.0,227,1,0.0,0
17671.0,15,4,0.0,1
17672.0,49,2,0.0,1
17673.0,0,6,0.0,1
17674.0,73,2,0.0,1
17675.0,0,31,0.0,3
17676.0,3,6,0.0,1
17677.0,1,30,0.0,3
17678.0,263,1,0.0,0
17679.0,52,2,0.0,1
17680.0,23,1,0.0,1
17682.0,9,6,0.0,1
17684.0,43,1,0.0,1
17685.0,16,7,0.0,1
17686.0,6,7,0.0,1
17690.0,29,15,0.0,3
17691.0,357,2,0.0,0
17692.0,126,4,0.0,1
17693.0,136,1,0.0,1
17694.0,141,1,0.0,1
17695.0,131,2,0.0,1
17696.0,37,8,0.0,1
17697.0,235,1,0.0,0
17698.0,260,1,0.0,0
17700.0,16,4,0.0,1
17701.0,252,1,0.0,0
17702.0,29,4,0.0,1
17703.0,34,3,0.0,1
17704.0,168,2,0.0,0
17705.0,2,9,0.0,1
17706.0,3,17,0.0,3
17707.0,184,2,0.0,0
17708.0,187,2,0.0,0
17709.0,169,1,0.0,0
17711.0,10,2,0.0,1
17712.0,44,1,0.0,1
17714.0,320,1,0.0,0
17715.0,200,1,0.0,0
17716.0,22,11,0.0,1
17718.0,231,1,0.0,0
17719.0,37,15,0.0,3
17720.0,25,4,0.0,1
17722.0,95,4,0.0,1
17723.0,126,6,0.0,1
17724.0,70,3,0.0,1
17725.0,15,11,0.0,1
17727.0,14,1,0.0,1
17728.0,3,3,0.0,1
17730.0,2,13,0.0,3
17731.0,78,4,0.0,1
17732.0,372,1,0.0,0
17733.0,38,2,0.0,1
17734.0,53,3,0.0,1
17735.0,1,19,0.0,3
17736.0,8,3,0.0,1
17737.0,8,2,0.0,1
17738.0,18,4,0.0,1
17739.0,11,7,0.0,1
17742.0,112,2,0.0,1
17744.0,3,6,0.0,1
17746.0,239,1,0.0,0
17747.0,112,1,0.0,1
17749.0,177,2,0.0,0
17750.0,4,9,0.0,1
17752.0,358,1,0.0,0
17754.0,0,5,0.0,1
17757.0,0,30,0.0,3
17758.0,18,8,0.0,1
17759.0,16,3,0.0,1
17760.0,21,2,0.0,1
17761.0,32,1,0.0,1
17763.0,262,1,0.0,0
17764.0,50,2,0.0,1
17765.0,158,3,0.0,0
17767.0,14,1,0.0,1
17768.0,7,3,0.0,1
17769.0,12,10,0.0,1
17770.0,198,5,0.0,0
17771.0,56,2,0.0,1
17772.0,10,2,0.0,1
17774.0,96,4,0.0,1
17775.0,254,1,0.0,0
17777.0,24,3,0.0,1
17779.0,20,3,0.0,1
17781.0,158,2,0.0,0
17783.0,71,2,0.0,1
17785.0,52,1,0.0,1
17786.0,84,2,0.0,1
17787.0,152,4,0.0,0
17788.0,73,2,0.0,1
17789.0,280,1,0.0,0
17790.0,26,14,0.0,3
17791.0,29,1,0.0,1
17793.0,24,1,0.0,1
17795.0,179,2,0.0,0
17796.0,39,4,0.0,1
17797.0,21,3,0.0,1
17799.0,21,10,0.0,1
17800.0,36,9,0.0,1
17802.0,81,3,0.0,1
17805.0,73,1,0.0,1
17806.0,10,1,0.0,1
17809.0,15,12,0.0,1
17811.0,3,39,0.0,3
17812.0,12,4,0.0,1
17813.0,13,5,0.0,1
17816.0,36,4,0.0,1
17817.0,3,3,0.0,1
17819.0,71,7,0.0,1
17824.0,50,1,0.0,1
17827.0,4,5,0.0,1
17830.0,1,3,0.0,1
17831.0,32,1,0.0,1
17832.0,49,1,0.0,1
17835.0,2,3,0.0,1
17836.0,46,1,0.0,1
17837.0,41,8,0.0,1
17838.0,26,5,0.0,1
17839.0,41,1,0.0,1
17841.0,1,124,0.0,2
17843.0,302,1,0.0,0
17846.0,84,1,0.0,1
17848.0,80,9,0.0,1
17849.0,217,4,0.0,0
17850.0,371,34,0.0,3
17852.0,11,2,0.0,1
17854.0,184,2,0.0,0
17855.0,372,1,0.0,0
17856.0,1,4,0.0,1
17857.0,3,23,0.0,3
17858.0,5,12,0.0,1
17859.0,304,1,0.0,0
17860.0,368,1,0.0,0
17861.0,2,8,0.0,1
17862.0,323,1,0.0,0
17863.0,58,6,0.0,1
17864.0,12,3,0.0,1
17865.0,30,20,0.0,3
17866.0,142,1,0.0,0
17867.0,29,6,0.0,1
17869.0,106,5,0.0,1
17870.0,1,12,0.0,1
17871.0,204,1,0.0,0
17873.0,79,5,0.0,1
17874.0,184,6,0.0,0
17877.0,169,1,0.0,0
17878.0,43,1,0.0,1
17879.0,173,1,0.0,0
17880.0,364,1,0.0,0
17881.0,303,1,0.0,0
17883.0,2,4,0.0,1
17884.0,3,4,0.0,1
17885.0,11,1,0.0,1
17886.0,31,3,0.0,1
17887.0,128,1,0.0,1
17888.0,20,8,0.0,1
17889.0,211,2,0.0,0
17890.0,322,2,0.0,0
17891.0,161,1,0.0,0
17892.0,55,3,0.0,1
17893.0,224,1,0.0,0
17894.0,71,8,0.0,1
17895.0,43,1,0.0,1
17896.0,22,1,0.0,1
17897.0,172,3,0.0,0
17898.0,84,2,0.0,1
17899.0,158,1,0.0,0
17900.0,189,2,0.0,0
17901.0,28,1,0.0,1
17904.0,20,1,0.0,1
17905.0,70,4,0.0,1
17906.0,246,1,0.0,0
17908.0,373,1,0.0,0
17911.0,8,1,0.0,1
17912.0,309,5,0.0,0
17913.0,58,2,0.0,1
17914.0,3,1,0.0,1
17917.0,44,3,0.0,1
17919.0,87,1,0.0,1
17920.0,3,17,0.0,3
17921.0,63,4,0.0,1
17923.0,281,1,0.0,0
17924.0,11,7,0.0,1
17925.0,372,1,0.0,0
17926.0,132,2,0.0,1
17928.0,44,2,0.0,1
17929.0,10,4,0.0,1
17930.0,35,5,0.0,1
17931.0,133,2,0.0,1
17932.0,28,3,0.0,1
17934.0,51,2,0.0,1
17935.0,137,2,0.0,1
17936.0,4,1,0.0,1
17937.0,8,7,0.0,1
17939.0,159,1,0.0,0
17940.0,48,10,0.0,1
17941.0,130,1,0.0,1
17942.0,7,1,0.0,1
17946.0,232,2,0.0,0
17947.0,36,1,0.0,1
17948.0,146,1,0.0,0
17949.0,0,45,0.0,3
17950.0,71,3,0.0,1
17951.0,39,3,0.0,1
17954.0,4,12,0.0,1
17955.0,198,4,0.0,0
17956.0,248,1,0.0,0
17957.0,65,1,0.0,1
17958.0,116,1,0.0,1
17960.0,170,1,0.0,0
17961.0,20,39,0.0,3
17962.0,141,1,0.0,1
17964.0,31,2,0.0,1
17965.0,37,14,0.0,3
17966.0,37,5,0.0,1
17967.0,371,1,0.0,0
17968.0,373,1,0.0,0
17969.0,165,2,0.0,0
17970.0,210,1,0.0,0
17972.0,241,1,0.0,0
17973.0,51,1,0.0,1
17974.0,24,3,0.0,1
17975.0,14,13,0.0,3
17976.0,371,1,0.0,0
17977.0,28,1,0.0,1
17978.0,364,1,0.0,0
17979.0,35,4,0.0,1
17980.0,165,3,0.0,0
17984.0,144,1,0.0,0
17985.0,21,1,0.0,1
17986.0,55,1,0.0,1
17987.0,184,1,0.0,0
17988.0,11,7,0.0,1
17990.0,236,3,0.0,0
17991.0,224,2,0.0,0
17994.0,121,4,0.0,1
17995.0,281,1,0.0,0
17997.0,73,8,0.0,1
17999.0,36,2,0.0,1
18001.0,11,2,0.0,1
18004.0,361,1,0.0,0
18005.0,3,2,0.0,1
18006.0,22,1,0.0,1
18008.0,69,9,0.0,1
18009.0,234,1,0.0,0
18010.0,256,1,0.0,0
18011.0,372,1,0.0,0
18013.0,154,2,0.0,0
18014.0,27,1,0.0,1
18015.0,3,1,0.0,1
18016.0,31,5,0.0,1
18017.0,80,3,0.0,1
18018.0,107,2,0.0,1
18019.0,51,1,0.0,1
18022.0,35,1,0.0,1
18024.0,152,2,0.0,0
18027.0,98,1,0.0,1
18030.0,3,2,0.0,1
18032.0,333,1,0.0,0
18033.0,64,1,0.0,1
18034.0,21,2,0.0,1
18035.0,35,3,0.0,1
18036.0,31,3,0.0,1
18037.0,153,6,0.0,0
18040.0,18,2,0.0,1
18041.0,11,21,0.0,3
18042.0,53,1,0.0,1
18043.0,24,3,0.0,1
18044.0,3,10,0.0,1
18045.0,44,1,0.0,1
18048.0,202,2,0.0,0
18050.0,358,1,0.0,0
18053.0,70,1,0.0,1
18055.0,6,10,0.0,1
18056.0,287,1,0.0,0
18058.0,9,1,0.0,1
18059.0,22,3,0.0,1
18061.0,21,10,0.0,1
18062.0,172,3,0.0,0
18064.0,132,2,0.0,1
18065.0,5,14,0.0,3
18066.0,74,1,0.0,1
18067.0,39,1,0.0,1
18068.0,288,1,0.0,0
18069.0,25,5,0.0,1
18071.0,257,2,0.0,0
18072.0,185,1,0.0,0
18073.0,113,12,0.0,1
18074.0,373,1,0.0,0
18075.0,22,10,0.0,1
18077.0,7,11,0.0,1
18078.0,216,2,0.0,0
18079.0,44,4,0.0,1
18080.0,18,2,0.0,1
18081.0,35,3,0.0,1
18082.0,25,1,0.0,1
18084.0,15,1,0.0,1
18085.0,329,2,0.0,0
18086.0,273,1,0.0,0
18087.0,97,2,0.0,1
18088.0,60,1,0.0,1
18092.0,1,11,0.0,1
18093.0,92,4,0.0,1
18094.0,81,7,0.0,1
18095.0,311,2,0.0,0
18096.0,11,3,0.0,1
18097.0,7,6,0.0,1
18099.0,126,1,0.0,1
18101.0,10,2,0.0,1
18102.0,0,60,0.0,3
18104.0,36,1,0.0,1
18105.0,37,1,0.0,1
18106.0,329,1,0.0,0
18108.0,253,1,0.0,0
18109.0,1,26,0.0,3
18110.0,19,1,0.0,1
18112.0,11,2,0.0,1
18113.0,368,1,0.0,0
18114.0,289,1,0.0,0
18116.0,67,8,0.0,1
18117.0,25,1,0.0,1
18118.0,10,26,0.0,3
18119.0,367,1,0.0,0
18120.0,213,1,0.0,0
18121.0,148,2,0.0,0
18122.0,7,6,0.0,1
18123.0,23,2,0.0,1
18125.0,29,4,0.0,1
18126.0,60,1,0.0,1
18127.0,18,3,0.0,1
18129.0,242,1,0.0,0
18130.0,14,3,0.0,1
18133.0,211,1,0.0,0
18135.0,28,5,0.0,1
18136.0,62,3,0.0,1
18138.0,294,1,0.0,0
18139.0,17,6,0.0,1
18142.0,156,2,0.0,0
18143.0,116,2,0.0,1
18144.0,7,12,0.0,1
18145.0,12,4,0.0,1
18146.0,140,2,0.0,1
18147.0,45,2,0.0,1
18149.0,50,3,0.0,1
18150.0,31,3,0.0,1
18151.0,134,2,0.0,1
18154.0,2,2,0.0,1
18155.0,74,3,0.0,1
18156.0,12,2,0.0,1
18158.0,8,2,0.0,1
18159.0,300,1,0.0,0
18160.0,56,2,0.0,1
18161.0,14,5,0.0,1
18164.0,36,1,0.0,1
18165.0,176,1,0.0,0
18167.0,22,3,0.0,1
18168.0,175,6,0.0,0
18169.0,60,1,0.0,1
18170.0,32,3,0.0,1
18171.0,58,5,0.0,1
18172.0,14,20,0.0,3
18173.0,86,4,0.0,1
18174.0,6,1,0.0,1
18176.0,357,1,0.0,0
18177.0,30,6,0.0,1
18178.0,128,4,0.0,1
18179.0,8,6,0.0,1
18180.0,4,6,0.0,1
18181.0,23,1,0.0,1
18183.0,226,2,0.0,0
18184.0,14,1,0.0,1
18185.0,248,1,0.0,0
18188.0,14,3,0.0,1
18189.0,77,2,0.0,1
18190.0,191,2,0.0,0
18191.0,261,1,0.0,0
18192.0,71,1,0.0,1
18193.0,164,1,0.0,0
18194.0,81,1,0.0,1
18196.0,94,2,0.0,1
18198.0,3,17,0.0,3
18200.0,105,1,0.0,1
18202.0,199,3,0.0,0
18203.0,156,1,0.0,0
18204.0,70,3,0.0,1
18205.0,35,2,0.0,1
18209.0,28,1,0.0,1
18210.0,1,6,0.0,1
18211.0,25,5,0.0,1
18212.0,325,1,0.0,0
18213.0,236,1,0.0,0
18215.0,88,1,0.0,1
18216.0,30,1,0.0,1
18217.0,28,2,0.0,1
18218.0,210,2,0.0,0
18219.0,2,10,0.0,1
18220.0,226,1,0.0,0
18221.0,21,5,0.0,1
18222.0,92,1,0.0,1
18223.0,4,14,0.0,3
18224.0,263,1,0.0,0
18225.0,2,12,0.0,1
18226.0,43,11,0.0,1
18227.0,217,1,0.0,0
18228.0,56,2,0.0,1
18229.0,11,20,0.0,3
18230.0,8,7,0.0,1
18231.0,191,5,0.0,0
18232.0,81,4,0.0,1
18233.0,325,1,0.0,0
18235.0,71,3,0.0,1
18236.0,29,6,0.0,1
18237.0,2,5,0.0,1
18239.0,218,5,0.0,0
18240.0,45,1,0.0,1
18241.0,9,17,0.0,3
18242.0,71,4,0.0,1
18245.0,6,7,0.0,1
18246.0,23,2,0.0,1
18248.0,122,2,0.0,1
18249.0,16,1,0.0,1
18250.0,309,1,0.0,0
18251.0,86,1,0.0,1
18252.0,50,2,0.0,1
18255.0,88,1,0.0,1
18257.0,38,8,0.0,1
18259.0,24,3,0.0,1
18260.0,172,6,0.0,0
18261.0,42,2,0.0,1
18262.0,139,1,0.0,1
18263.0,25,3,0.0,1
18265.0,71,2,0.0,1
18268.0,133,1,0.0,1
18269.0,365,1,0.0,0
18270.0,37,2,0.0,1
18272.0,2,6,0.0,1
18273.0,1,3,0.0,1
18274.0,29,1,0.0,1
18276.0,43,1,0.0,1
18277.0,57,1,0.0,1
18278.0,73,1,0.0,1
18280.0,277,1,0.0,0
18281.0,180,1,0.0,0
18282.0,7,2,0.0,1
18283.0,3,16,0.0,3
18287.0,42,3,0.0,1
